ComponentName,StatisticName,StatisticSubId,StatisticType,SimTime,Rank,Sum.u64,SumSQ.u64,Count.u64,Min.u64,Max.u64,Sum.f64,SumSQ.f64,Min.f64,Max.f64
router_0,send_bit_count,port0,Accumulator,500000000,0,0,0,0,0,0,0,0,0,0
router_0,send_packet_count,port0,Accumulator,500000000,0,0,0,0,0,0,0,0,0,0
router_0,output_port_stalls,port0,Accumulator,500000000,0,0,0,0,0,0,0,0,0,0
router_0,idle_time,port0,Accumulator,500000000,0,500000000,250000000000000000,1,500000000,500000000,0,0,0,0
router_0,width_adj_count,port0,Accumulator,500000000,0,0,0,0,0,0,0,0,0,0
router_0,send_bit_count,port2,Accumulator,500000000,0,0,0,0,0,0,0,0,0,0
router_0,send_packet_count,port2,Accumulator,500000000,0,0,0,0,0,0,0,0,0,0
router_0,output_port_stalls,port2,Accumulator,500000000,0,0,0,0,0,0,0,0,0,0
router_0,idle_time,port2,Accumulator,500000000,0,500000000,250000000000000000,1,500000000,500000000,0,0,0,0
router_0,width_adj_count,port2,Accumulator,500000000,0,0,0,0,0,0,0,0,0,0
router_0,send_bit_count,port4,Accumulator,500000000,0,0,0,0,0,0,0,0,0,0
router_0,send_packet_count,port4,Accumulator,500000000,0,0,0,0,0,0,0,0,0,0
router_0,output_port_stalls,port4,Accumulator,500000000,0,0,0,0,0,0,0,0,0,0
router_0,idle_time,port4,Accumulator,500000000,0,500000000,250000000000000000,1,500000000,500000000,0,0,0,0
router_0,width_adj_count,port4,Accumulator,500000000,0,0,0,0,0,0,0,0,0,0
router_0,xbar_stalls,port0,Accumulator,500000000,0,0,0,0,0,0,0,0,0,0
router_0,xbar_stalls,port1,Accumulator,500000000,0,0,0,0,0,0,0,0,0,0
router_0,xbar_stalls,port2,Accumulator,500000000,0,0,0,0,0,0,0,0,0,0
router_0,xbar_stalls,port3,Accumulator,500000000,0,0,0,0,0,0,0,0,0,0
router_0,xbar_stalls,port4,Accumulator,500000000,0,0,0,0,0,0,0,0,0,0
router_1,send_bit_count,port0,Accumulator,500000000,0,0,0,0,0,0,0,0,0,0
router_1,send_packet_count,port0,Accumulator,500000000,0,0,0,0,0,0,0,0,0,0
router_1,output_port_stalls,port0,Accumulator,500000000,0,0,0,0,0,0,0,0,0,0
router_1,idle_time,port0,Accumulator,500000000,0,500000000,250000000000000000,1,500000000,500000000,0,0,0,0
router_1,width_adj_count,port0,Accumulator,500000000,0,0,0,0,0,0,0,0,0,0
router_1,send_bit_count,port1,Accumulator,500000000,0,0,0,0,0,0,0,0,0,0
router_1,send_packet_count,port1,Accumulator,500000000,0,0,0,0,0,0,0,0,0,0
router_1,output_port_stalls,port1,Accumulator,500000000,0,0,0,0,0,0,0,0,0,0
router_1,idle_time,port1,Accumulator,500000000,0,500000000,250000000000000000,1,500000000,500000000,0,0,0,0
router_1,width_adj_count,port1,Accumulator,500000000,0,0,0,0,0,0,0,0,0,0
router_1,send_bit_count,port2,Accumulator,500000000,0,0,0,0,0,0,0,0,0,0
router_1,send_packet_count,port2,Accumulator,500000000,0,0,0,0,0,0,0,0,0,0
router_1,output_port_stalls,port2,Accumulator,500000000,0,0,0,0,0,0,0,0,0,0
router_1,idle_time,port2,Accumulator,500000000,0,500000000,250000000000000000,1,500000000,500000000,0,0,0,0
router_1,width_adj_count,port2,Accumulator,500000000,0,0,0,0,0,0,0,0,0,0
router_1,send_bit_count,port4,Accumulator,500000000,0,0,0,0,0,0,0,0,0,0
router_1,send_packet_count,port4,Accumulator,500000000,0,0,0,0,0,0,0,0,0,0
router_1,output_port_stalls,port4,Accumulator,500000000,0,0,0,0,0,0,0,0,0,0
router_1,idle_time,port4,Accumulator,500000000,0,500000000,250000000000000000,1,500000000,500000000,0,0,0,0
router_1,width_adj_count,port4,Accumulator,500000000,0,0,0,0,0,0,0,0,0,0
router_1,xbar_stalls,port0,Accumulator,500000000,0,0,0,0,0,0,0,0,0,0
router_1,xbar_stalls,port1,Accumulator,500000000,0,0,0,0,0,0,0,0,0,0
router_1,xbar_stalls,port2,Accumulator,500000000,0,0,0,0,0,0,0,0,0,0
router_1,xbar_stalls,port3,Accumulator,500000000,0,0,0,0,0,0,0,0,0,0
router_1,xbar_stalls,port4,Accumulator,500000000,0,0,0,0,0,0,0,0,0,0
router_2,send_bit_count,port0,Accumulator,500000000,0,0,0,0,0,0,0,0,0,0
router_2,send_packet_count,port0,Accumulator,500000000,0,0,0,0,0,0,0,0,0,0
router_2,output_port_stalls,port0,Accumulator,500000000,0,0,0,0,0,0,0,0,0,0
router_2,idle_time,port0,Accumulator,500000000,0,500000000,250000000000000000,1,500000000,500000000,0,0,0,0
router_2,width_adj_count,port0,Accumulator,500000000,0,0,0,0,0,0,0,0,0,0
router_2,send_bit_count,port1,Accumulator,500000000,0,0,0,0,0,0,0,0,0,0
router_2,send_packet_count,port1,Accumulator,500000000,0,0,0,0,0,0,0,0,0,0
router_2,output_port_stalls,port1,Accumulator,500000000,0,0,0,0,0,0,0,0,0,0
router_2,idle_time,port1,Accumulator,500000000,0,500000000,250000000000000000,1,500000000,500000000,0,0,0,0
router_2,width_adj_count,port1,Accumulator,500000000,0,0,0,0,0,0,0,0,0,0
router_2,send_bit_count,port2,Accumulator,500000000,0,0,0,0,0,0,0,0,0,0
router_2,send_packet_count,port2,Accumulator,500000000,0,0,0,0,0,0,0,0,0,0
router_2,output_port_stalls,port2,Accumulator,500000000,0,0,0,0,0,0,0,0,0,0
router_2,idle_time,port2,Accumulator,500000000,0,500000000,250000000000000000,1,500000000,500000000,0,0,0,0
router_2,width_adj_count,port2,Accumulator,500000000,0,0,0,0,0,0,0,0,0,0
router_2,send_bit_count,port4,Accumulator,500000000,0,0,0,0,0,0,0,0,0,0
router_2,send_packet_count,port4,Accumulator,500000000,0,0,0,0,0,0,0,0,0,0
router_2,output_port_stalls,port4,Accumulator,500000000,0,0,0,0,0,0,0,0,0,0
router_2,idle_time,port4,Accumulator,500000000,0,500000000,250000000000000000,1,500000000,500000000,0,0,0,0
router_2,width_adj_count,port4,Accumulator,500000000,0,0,0,0,0,0,0,0,0,0
router_2,xbar_stalls,port0,Accumulator,500000000,0,0,0,0,0,0,0,0,0,0
router_2,xbar_stalls,port1,Accumulator,500000000,0,0,0,0,0,0,0,0,0,0
router_2,xbar_stalls,port2,Accumulator,500000000,0,0,0,0,0,0,0,0,0,0
router_2,xbar_stalls,port3,Accumulator,500000000,0,0,0,0,0,0,0,0,0,0
router_2,xbar_stalls,port4,Accumulator,500000000,0,0,0,0,0,0,0,0,0,0
router_3,send_bit_count,port0,Accumulator,500000000,0,0,0,0,0,0,0,0,0,0
router_3,send_packet_count,port0,Accumulator,500000000,0,0,0,0,0,0,0,0,0,0
router_3,output_port_stalls,port0,Accumulator,500000000,0,0,0,0,0,0,0,0,0,0
router_3,idle_time,port0,Accumulator,500000000,0,500000000,250000000000000000,1,500000000,500000000,0,0,0,0
router_3,width_adj_count,port0,Accumulator,500000000,0,0,0,0,0,0,0,0,0,0
router_3,send_bit_count,port1,Accumulator,500000000,0,0,0,0,0,0,0,0,0,0
router_3,send_packet_count,port1,Accumulator,500000000,0,0,0,0,0,0,0,0,0,0
router_3,output_port_stalls,port1,Accumulator,500000000,0,0,0,0,0,0,0,0,0,0
router_3,idle_time,port1,Accumulator,500000000,0,500000000,250000000000000000,1,500000000,500000000,0,0,0,0
router_3,width_adj_count,port1,Accumulator,500000000,0,0,0,0,0,0,0,0,0,0
router_3,send_bit_count,port2,Accumulator,500000000,0,0,0,0,0,0,0,0,0,0
router_3,send_packet_count,port2,Accumulator,500000000,0,0,0,0,0,0,0,0,0,0
router_3,output_port_stalls,port2,Accumulator,500000000,0,0,0,0,0,0,0,0,0,0
router_3,idle_time,port2,Accumulator,500000000,0,500000000,250000000000000000,1,500000000,500000000,0,0,0,0
router_3,width_adj_count,port2,Accumulator,500000000,0,0,0,0,0,0,0,0,0,0
router_3,send_bit_count,port4,Accumulator,500000000,0,0,0,0,0,0,0,0,0,0
router_3,send_packet_count,port4,Accumulator,500000000,0,0,0,0,0,0,0,0,0,0
router_3,output_port_stalls,port4,Accumulator,500000000,0,0,0,0,0,0,0,0,0,0
router_3,idle_time,port4,Accumulator,500000000,0,500000000,250000000000000000,1,500000000,500000000,0,0,0,0
router_3,width_adj_count,port4,Accumulator,500000000,0,0,0,0,0,0,0,0,0,0
router_3,xbar_stalls,port0,Accumulator,500000000,0,0,0,0,0,0,0,0,0,0
router_3,xbar_stalls,port1,Accumulator,500000000,0,0,0,0,0,0,0,0,0,0
router_3,xbar_stalls,port2,Accumulator,500000000,0,0,0,0,0,0,0,0,0,0
router_3,xbar_stalls,port3,Accumulator,500000000,0,0,0,0,0,0,0,0,0,0
router_3,xbar_stalls,port4,Accumulator,500000000,0,0,0,0,0,0,0,0,0,0
router_4,send_bit_count,port0,Accumulator,500000000,0,0,0,0,0,0,0,0,0,0
router_4,send_packet_count,port0,Accumulator,500000000,0,0,0,0,0,0,0,0,0,0
router_4,output_port_stalls,port0,Accumulator,500000000,0,0,0,0,0,0,0,0,0,0
router_4,idle_time,port0,Accumulator,500000000,0,500000000,250000000000000000,1,500000000,500000000,0,0,0,0
router_4,width_adj_count,port0,Accumulator,500000000,0,0,0,0,0,0,0,0,0,0
router_4,send_bit_count,port1,Accumulator,500000000,0,0,0,0,0,0,0,0,0,0
router_4,send_packet_count,port1,Accumulator,500000000,0,0,0,0,0,0,0,0,0,0
router_4,output_port_stalls,port1,Accumulator,500000000,0,0,0,0,0,0,0,0,0,0
router_4,idle_time,port1,Accumulator,500000000,0,500000000,250000000000000000,1,500000000,500000000,0,0,0,0
router_4,width_adj_count,port1,Accumulator,500000000,0,0,0,0,0,0,0,0,0,0
router_4,send_bit_count,port2,Accumulator,500000000,0,0,0,0,0,0,0,0,0,0
router_4,send_packet_count,port2,Accumulator,500000000,0,0,0,0,0,0,0,0,0,0
router_4,output_port_stalls,port2,Accumulator,500000000,0,0,0,0,0,0,0,0,0,0
router_4,idle_time,port2,Accumulator,500000000,0,500000000,250000000000000000,1,500000000,500000000,0,0,0,0
router_4,width_adj_count,port2,Accumulator,500000000,0,0,0,0,0,0,0,0,0,0
router_4,send_bit_count,port4,Accumulator,500000000,0,0,0,0,0,0,0,0,0,0
router_4,send_packet_count,port4,Accumulator,500000000,0,0,0,0,0,0,0,0,0,0
router_4,output_port_stalls,port4,Accumulator,500000000,0,0,0,0,0,0,0,0,0,0
router_4,idle_time,port4,Accumulator,500000000,0,500000000,250000000000000000,1,500000000,500000000,0,0,0,0
router_4,width_adj_count,port4,Accumulator,500000000,0,0,0,0,0,0,0,0,0,0
router_4,xbar_stalls,port0,Accumulator,500000000,0,0,0,0,0,0,0,0,0,0
router_4,xbar_stalls,port1,Accumulator,500000000,0,0,0,0,0,0,0,0,0,0
router_4,xbar_stalls,port2,Accumulator,500000000,0,0,0,0,0,0,0,0,0,0
router_4,xbar_stalls,port3,Accumulator,500000000,0,0,0,0,0,0,0,0,0,0
router_4,xbar_stalls,port4,Accumulator,500000000,0,0,0,0,0,0,0,0,0,0
router_5,send_bit_count,port0,Accumulator,500000000,0,0,0,0,0,0,0,0,0,0
router_5,send_packet_count,port0,Accumulator,500000000,0,0,0,0,0,0,0,0,0,0
router_5,output_port_stalls,port0,Accumulator,500000000,0,0,0,0,0,0,0,0,0,0
router_5,idle_time,port0,Accumulator,500000000,0,500000000,250000000000000000,1,500000000,500000000,0,0,0,0
router_5,width_adj_count,port0,Accumulator,500000000,0,0,0,0,0,0,0,0,0,0
router_5,send_bit_count,port1,Accumulator,500000000,0,0,0,0,0,0,0,0,0,0
router_5,send_packet_count,port1,Accumulator,500000000,0,0,0,0,0,0,0,0,0,0
router_5,output_port_stalls,port1,Accumulator,500000000,0,0,0,0,0,0,0,0,0,0
router_5,idle_time,port1,Accumulator,500000000,0,500000000,250000000000000000,1,500000000,500000000,0,0,0,0
router_5,width_adj_count,port1,Accumulator,500000000,0,0,0,0,0,0,0,0,0,0
router_5,send_bit_count,port2,Accumulator,500000000,0,0,0,0,0,0,0,0,0,0
router_5,send_packet_count,port2,Accumulator,500000000,0,0,0,0,0,0,0,0,0,0
router_5,output_port_stalls,port2,Accumulator,500000000,0,0,0,0,0,0,0,0,0,0
router_5,idle_time,port2,Accumulator,500000000,0,500000000,250000000000000000,1,500000000,500000000,0,0,0,0
router_5,width_adj_count,port2,Accumulator,500000000,0,0,0,0,0,0,0,0,0,0
router_5,send_bit_count,port4,Accumulator,500000000,0,0,0,0,0,0,0,0,0,0
router_5,send_packet_count,port4,Accumulator,500000000,0,0,0,0,0,0,0,0,0,0
router_5,output_port_stalls,port4,Accumulator,500000000,0,0,0,0,0,0,0,0,0,0
router_5,idle_time,port4,Accumulator,500000000,0,500000000,250000000000000000,1,500000000,500000000,0,0,0,0
router_5,width_adj_count,port4,Accumulator,500000000,0,0,0,0,0,0,0,0,0,0
router_5,xbar_stalls,port0,Accumulator,500000000,0,0,0,0,0,0,0,0,0,0
router_5,xbar_stalls,port1,Accumulator,500000000,0,0,0,0,0,0,0,0,0,0
router_5,xbar_stalls,port2,Accumulator,500000000,0,0,0,0,0,0,0,0,0,0
router_5,xbar_stalls,port3,Accumulator,500000000,0,0,0,0,0,0,0,0,0,0
router_5,xbar_stalls,port4,Accumulator,500000000,0,0,0,0,0,0,0,0,0,0
router_6,send_bit_count,port0,Accumulator,500000000,0,0,0,0,0,0,0,0,0,0
router_6,send_packet_count,port0,Accumulator,500000000,0,0,0,0,0,0,0,0,0,0
router_6,output_port_stalls,port0,Accumulator,500000000,0,0,0,0,0,0,0,0,0,0
router_6,idle_time,port0,Accumulator,500000000,0,500000000,250000000000000000,1,500000000,500000000,0,0,0,0
router_6,width_adj_count,port0,Accumulator,500000000,0,0,0,0,0,0,0,0,0,0
router_6,send_bit_count,port1,Accumulator,500000000,0,0,0,0,0,0,0,0,0,0
router_6,send_packet_count,port1,Accumulator,500000000,0,0,0,0,0,0,0,0,0,0
router_6,output_port_stalls,port1,Accumulator,500000000,0,0,0,0,0,0,0,0,0,0
router_6,idle_time,port1,Accumulator,500000000,0,500000000,250000000000000000,1,500000000,500000000,0,0,0,0
router_6,width_adj_count,port1,Accumulator,500000000,0,0,0,0,0,0,0,0,0,0
router_6,send_bit_count,port2,Accumulator,500000000,0,0,0,0,0,0,0,0,0,0
router_6,send_packet_count,port2,Accumulator,500000000,0,0,0,0,0,0,0,0,0,0
router_6,output_port_stalls,port2,Accumulator,500000000,0,0,0,0,0,0,0,0,0,0
router_6,idle_time,port2,Accumulator,500000000,0,500000000,250000000000000000,1,500000000,500000000,0,0,0,0
router_6,width_adj_count,port2,Accumulator,500000000,0,0,0,0,0,0,0,0,0,0
router_6,send_bit_count,port4,Accumulator,500000000,0,0,0,0,0,0,0,0,0,0
router_6,send_packet_count,port4,Accumulator,500000000,0,0,0,0,0,0,0,0,0,0
router_6,output_port_stalls,port4,Accumulator,500000000,0,0,0,0,0,0,0,0,0,0
router_6,idle_time,port4,Accumulator,500000000,0,500000000,250000000000000000,1,500000000,500000000,0,0,0,0
router_6,width_adj_count,port4,Accumulator,500000000,0,0,0,0,0,0,0,0,0,0
router_6,xbar_stalls,port0,Accumulator,500000000,0,0,0,0,0,0,0,0,0,0
router_6,xbar_stalls,port1,Accumulator,500000000,0,0,0,0,0,0,0,0,0,0
router_6,xbar_stalls,port2,Accumulator,500000000,0,0,0,0,0,0,0,0,0,0
router_6,xbar_stalls,port3,Accumulator,500000000,0,0,0,0,0,0,0,0,0,0
router_6,xbar_stalls,port4,Accumulator,500000000,0,0,0,0,0,0,0,0,0,0
router_7,send_bit_count,port1,Accumulator,500000000,0,0,0,0,0,0,0,0,0,0
router_7,send_packet_count,port1,Accumulator,500000000,0,0,0,0,0,0,0,0,0,0
router_7,output_port_stalls,port1,Accumulator,500000000,0,0,0,0,0,0,0,0,0,0
router_7,idle_time,port1,Accumulator,500000000,0,500000000,250000000000000000,1,500000000,500000000,0,0,0,0
router_7,width_adj_count,port1,Accumulator,500000000,0,0,0,0,0,0,0,0,0,0
router_7,send_bit_count,port2,Accumulator,500000000,0,0,0,0,0,0,0,0,0,0
router_7,send_packet_count,port2,Accumulator,500000000,0,0,0,0,0,0,0,0,0,0
router_7,output_port_stalls,port2,Accumulator,500000000,0,0,0,0,0,0,0,0,0,0
router_7,idle_time,port2,Accumulator,500000000,0,500000000,250000000000000000,1,500000000,500000000,0,0,0,0
router_7,width_adj_count,port2,Accumulator,500000000,0,0,0,0,0,0,0,0,0,0
router_7,send_bit_count,port4,Accumulator,500000000,0,0,0,0,0,0,0,0,0,0
router_7,send_packet_count,port4,Accumulator,500000000,0,0,0,0,0,0,0,0,0,0
router_7,output_port_stalls,port4,Accumulator,500000000,0,0,0,0,0,0,0,0,0,0
router_7,idle_time,port4,Accumulator,500000000,0,500000000,250000000000000000,1,500000000,500000000,0,0,0,0
router_7,width_adj_count,port4,Accumulator,500000000,0,0,0,0,0,0,0,0,0,0
router_7,xbar_stalls,port0,Accumulator,500000000,0,0,0,0,0,0,0,0,0,0
router_7,xbar_stalls,port1,Accumulator,500000000,0,0,0,0,0,0,0,0,0,0
router_7,xbar_stalls,port2,Accumulator,500000000,0,0,0,0,0,0,0,0,0,0
router_7,xbar_stalls,port3,Accumulator,500000000,0,0,0,0,0,0,0,0,0,0
router_7,xbar_stalls,port4,Accumulator,500000000,0,0,0,0,0,0,0,0,0,0
router_8,send_bit_count,port0,Accumulator,500000000,0,0,0,0,0,0,0,0,0,0
router_8,send_packet_count,port0,Accumulator,500000000,0,0,0,0,0,0,0,0,0,0
router_8,output_port_stalls,port0,Accumulator,500000000,0,0,0,0,0,0,0,0,0,0
router_8,idle_time,port0,Accumulator,500000000,0,500000000,250000000000000000,1,500000000,500000000,0,0,0,0
router_8,width_adj_count,port0,Accumulator,500000000,0,0,0,0,0,0,0,0,0,0
router_8,send_bit_count,port2,Accumulator,500000000,0,0,0,0,0,0,0,0,0,0
router_8,send_packet_count,port2,Accumulator,500000000,0,0,0,0,0,0,0,0,0,0
router_8,output_port_stalls,port2,Accumulator,500000000,0,0,0,0,0,0,0,0,0,0
router_8,idle_time,port2,Accumulator,500000000,0,500000000,250000000000000000,1,500000000,500000000,0,0,0,0
router_8,width_adj_count,port2,Accumulator,500000000,0,0,0,0,0,0,0,0,0,0
router_8,send_bit_count,port3,Accumulator,500000000,0,0,0,0,0,0,0,0,0,0
router_8,send_packet_count,port3,Accumulator,500000000,0,0,0,0,0,0,0,0,0,0
router_8,output_port_stalls,port3,Accumulator,500000000,0,0,0,0,0,0,0,0,0,0
router_8,idle_time,port3,Accumulator,500000000,0,500000000,250000000000000000,1,500000000,500000000,0,0,0,0
router_8,width_adj_count,port3,Accumulator,500000000,0,0,0,0,0,0,0,0,0,0
router_8,send_bit_count,port4,Accumulator,500000000,0,0,0,0,0,0,0,0,0,0
router_8,send_packet_count,port4,Accumulator,500000000,0,0,0,0,0,0,0,0,0,0
router_8,output_port_stalls,port4,Accumulator,500000000,0,0,0,0,0,0,0,0,0,0
router_8,idle_time,port4,Accumulator,500000000,0,500000000,250000000000000000,1,500000000,500000000,0,0,0,0
router_8,width_adj_count,port4,Accumulator,500000000,0,0,0,0,0,0,0,0,0,0
router_8,xbar_stalls,port0,Accumulator,500000000,0,0,0,0,0,0,0,0,0,0
router_8,xbar_stalls,port1,Accumulator,500000000,0,0,0,0,0,0,0,0,0,0
router_8,xbar_stalls,port2,Accumulator,500000000,0,0,0,0,0,0,0,0,0,0
router_8,xbar_stalls,port3,Accumulator,500000000,0,0,0,0,0,0,0,0,0,0
router_8,xbar_stalls,port4,Accumulator,500000000,0,0,0,0,0,0,0,0,0,0
router_9,send_bit_count,port0,Accumulator,500000000,0,0,0,0,0,0,0,0,0,0
router_9,send_packet_count,port0,Accumulator,500000000,0,0,0,0,0,0,0,0,0,0
router_9,output_port_stalls,port0,Accumulator,500000000,0,0,0,0,0,0,0,0,0,0
router_9,idle_time,port0,Accumulator,500000000,0,500000000,250000000000000000,1,500000000,500000000,0,0,0,0
router_9,width_adj_count,port0,Accumulator,500000000,0,0,0,0,0,0,0,0,0,0
router_9,send_bit_count,port1,Accumulator,500000000,0,0,0,0,0,0,0,0,0,0
router_9,send_packet_count,port1,Accumulator,500000000,0,0,0,0,0,0,0,0,0,0
router_9,output_port_stalls,port1,Accumulator,500000000,0,0,0,0,0,0,0,0,0,0
router_9,idle_time,port1,Accumulator,500000000,0,500000000,250000000000000000,1,500000000,500000000,0,0,0,0
router_9,width_adj_count,port1,Accumulator,500000000,0,0,0,0,0,0,0,0,0,0
router_9,send_bit_count,port2,Accumulator,500000000,0,0,0,0,0,0,0,0,0,0
router_9,send_packet_count,port2,Accumulator,500000000,0,0,0,0,0,0,0,0,0,0
router_9,output_port_stalls,port2,Accumulator,500000000,0,0,0,0,0,0,0,0,0,0
router_9,idle_time,port2,Accumulator,500000000,0,500000000,250000000000000000,1,500000000,500000000,0,0,0,0
router_9,width_adj_count,port2,Accumulator,500000000,0,0,0,0,0,0,0,0,0,0
router_9,send_bit_count,port3,Accumulator,500000000,0,0,0,0,0,0,0,0,0,0
router_9,send_packet_count,port3,Accumulator,500000000,0,0,0,0,0,0,0,0,0,0
router_9,output_port_stalls,port3,Accumulator,500000000,0,0,0,0,0,0,0,0,0,0
router_9,idle_time,port3,Accumulator,500000000,0,500000000,250000000000000000,1,500000000,500000000,0,0,0,0
router_9,width_adj_count,port3,Accumulator,500000000,0,0,0,0,0,0,0,0,0,0
router_9,send_bit_count,port4,Accumulator,500000000,0,0,0,0,0,0,0,0,0,0
router_9,send_packet_count,port4,Accumulator,500000000,0,0,0,0,0,0,0,0,0,0
router_9,output_port_stalls,port4,Accumulator,500000000,0,0,0,0,0,0,0,0,0,0
router_9,idle_time,port4,Accumulator,500000000,0,500000000,250000000000000000,1,500000000,500000000,0,0,0,0
router_9,width_adj_count,port4,Accumulator,500000000,0,0,0,0,0,0,0,0,0,0
router_9,xbar_stalls,port0,Accumulator,500000000,0,0,0,0,0,0,0,0,0,0
router_9,xbar_stalls,port1,Accumulator,500000000,0,0,0,0,0,0,0,0,0,0
router_9,xbar_stalls,port2,Accumulator,500000000,0,0,0,0,0,0,0,0,0,0
router_9,xbar_stalls,port3,Accumulator,500000000,0,0,0,0,0,0,0,0,0,0
router_9,xbar_stalls,port4,Accumulator,500000000,0,0,0,0,0,0,0,0,0,0
router_10,send_bit_count,port0,Accumulator,500000000,0,0,0,0,0,0,0,0,0,0
router_10,send_packet_count,port0,Accumulator,500000000,0,0,0,0,0,0,0,0,0,0
router_10,output_port_stalls,port0,Accumulator,500000000,0,0,0,0,0,0,0,0,0,0
router_10,idle_time,port0,Accumulator,500000000,0,500000000,250000000000000000,1,500000000,500000000,0,0,0,0
router_10,width_adj_count,port0,Accumulator,500000000,0,0,0,0,0,0,0,0,0,0
router_10,send_bit_count,port1,Accumulator,500000000,0,0,0,0,0,0,0,0,0,0
router_10,send_packet_count,port1,Accumulator,500000000,0,0,0,0,0,0,0,0,0,0
router_10,output_port_stalls,port1,Accumulator,500000000,0,0,0,0,0,0,0,0,0,0
router_10,idle_time,port1,Accumulator,500000000,0,500000000,250000000000000000,1,500000000,500000000,0,0,0,0
router_10,width_adj_count,port1,Accumulator,500000000,0,0,0,0,0,0,0,0,0,0
router_10,send_bit_count,port2,Accumulator,500000000,0,0,0,0,0,0,0,0,0,0
router_10,send_packet_count,port2,Accumulator,500000000,0,0,0,0,0,0,0,0,0,0
router_10,output_port_stalls,port2,Accumulator,500000000,0,0,0,0,0,0,0,0,0,0
router_10,idle_time,port2,Accumulator,500000000,0,500000000,250000000000000000,1,500000000,500000000,0,0,0,0
router_10,width_adj_count,port2,Accumulator,500000000,0,0,0,0,0,0,0,0,0,0
router_10,send_bit_count,port3,Accumulator,500000000,0,0,0,0,0,0,0,0,0,0
router_10,send_packet_count,port3,Accumulator,500000000,0,0,0,0,0,0,0,0,0,0
router_10,output_port_stalls,port3,Accumulator,500000000,0,0,0,0,0,0,0,0,0,0
router_10,idle_time,port3,Accumulator,500000000,0,500000000,250000000000000000,1,500000000,500000000,0,0,0,0
router_10,width_adj_count,port3,Accumulator,500000000,0,0,0,0,0,0,0,0,0,0
router_10,send_bit_count,port4,Accumulator,500000000,0,0,0,0,0,0,0,0,0,0
router_10,send_packet_count,port4,Accumulator,500000000,0,0,0,0,0,0,0,0,0,0
router_10,output_port_stalls,port4,Accumulator,500000000,0,0,0,0,0,0,0,0,0,0
router_10,idle_time,port4,Accumulator,500000000,0,500000000,250000000000000000,1,500000000,500000000,0,0,0,0
router_10,width_adj_count,port4,Accumulator,500000000,0,0,0,0,0,0,0,0,0,0
router_10,xbar_stalls,port0,Accumulator,500000000,0,0,0,0,0,0,0,0,0,0
router_10,xbar_stalls,port1,Accumulator,500000000,0,0,0,0,0,0,0,0,0,0
router_10,xbar_stalls,port2,Accumulator,500000000,0,0,0,0,0,0,0,0,0,0
router_10,xbar_stalls,port3,Accumulator,500000000,0,0,0,0,0,0,0,0,0,0
router_10,xbar_stalls,port4,Accumulator,500000000,0,0,0,0,0,0,0,0,0,0
router_11,send_bit_count,port0,Accumulator,500000000,0,0,0,0,0,0,0,0,0,0
router_11,send_packet_count,port0,Accumulator,500000000,0,0,0,0,0,0,0,0,0,0
router_11,output_port_stalls,port0,Accumulator,500000000,0,0,0,0,0,0,0,0,0,0
router_11,idle_time,port0,Accumulator,500000000,0,500000000,250000000000000000,1,500000000,500000000,0,0,0,0
router_11,width_adj_count,port0,Accumulator,500000000,0,0,0,0,0,0,0,0,0,0
router_11,send_bit_count,port1,Accumulator,500000000,0,0,0,0,0,0,0,0,0,0
router_11,send_packet_count,port1,Accumulator,500000000,0,0,0,0,0,0,0,0,0,0
router_11,output_port_stalls,port1,Accumulator,500000000,0,0,0,0,0,0,0,0,0,0
router_11,idle_time,port1,Accumulator,500000000,0,500000000,250000000000000000,1,500000000,500000000,0,0,0,0
router_11,width_adj_count,port1,Accumulator,500000000,0,0,0,0,0,0,0,0,0,0
router_11,send_bit_count,port2,Accumulator,500000000,0,0,0,0,0,0,0,0,0,0
router_11,send_packet_count,port2,Accumulator,500000000,0,0,0,0,0,0,0,0,0,0
router_11,output_port_stalls,port2,Accumulator,500000000,0,0,0,0,0,0,0,0,0,0
router_11,idle_time,port2,Accumulator,500000000,0,500000000,250000000000000000,1,500000000,500000000,0,0,0,0
router_11,width_adj_count,port2,Accumulator,500000000,0,0,0,0,0,0,0,0,0,0
router_11,send_bit_count,port3,Accumulator,500000000,0,0,0,0,0,0,0,0,0,0
router_11,send_packet_count,port3,Accumulator,500000000,0,0,0,0,0,0,0,0,0,0
router_11,output_port_stalls,port3,Accumulator,500000000,0,0,0,0,0,0,0,0,0,0
router_11,idle_time,port3,Accumulator,500000000,0,500000000,250000000000000000,1,500000000,500000000,0,0,0,0
router_11,width_adj_count,port3,Accumulator,500000000,0,0,0,0,0,0,0,0,0,0
router_11,send_bit_count,port4,Accumulator,500000000,0,0,0,0,0,0,0,0,0,0
router_11,send_packet_count,port4,Accumulator,500000000,0,0,0,0,0,0,0,0,0,0
router_11,output_port_stalls,port4,Accumulator,500000000,0,0,0,0,0,0,0,0,0,0
router_11,idle_time,port4,Accumulator,500000000,0,500000000,250000000000000000,1,500000000,500000000,0,0,0,0
router_11,width_adj_count,port4,Accumulator,500000000,0,0,0,0,0,0,0,0,0,0
router_11,xbar_stalls,port0,Accumulator,500000000,0,0,0,0,0,0,0,0,0,0
router_11,xbar_stalls,port1,Accumulator,500000000,0,0,0,0,0,0,0,0,0,0
router_11,xbar_stalls,port2,Accumulator,500000000,0,0,0,0,0,0,0,0,0,0
router_11,xbar_stalls,port3,Accumulator,500000000,0,0,0,0,0,0,0,0,0,0
router_11,xbar_stalls,port4,Accumulator,500000000,0,0,0,0,0,0,0,0,0,0
router_12,send_bit_count,port0,Accumulator,500000000,0,0,0,0,0,0,0,0,0,0
router_12,send_packet_count,port0,Accumulator,500000000,0,0,0,0,0,0,0,0,0,0
router_12,output_port_stalls,port0,Accumulator,500000000,0,0,0,0,0,0,0,0,0,0
router_12,idle_time,port0,Accumulator,500000000,0,500000000,250000000000000000,1,500000000,500000000,0,0,0,0
router_12,width_adj_count,port0,Accumulator,500000000,0,0,0,0,0,0,0,0,0,0
router_12,send_bit_count,port1,Accumulator,500000000,0,0,0,0,0,0,0,0,0,0
router_12,send_packet_count,port1,Accumulator,500000000,0,0,0,0,0,0,0,0,0,0
router_12,output_port_stalls,port1,Accumulator,500000000,0,0,0,0,0,0,0,0,0,0
router_12,idle_time,port1,Accumulator,500000000,0,500000000,250000000000000000,1,500000000,500000000,0,0,0,0
router_12,width_adj_count,port1,Accumulator,500000000,0,0,0,0,0,0,0,0,0,0
router_12,send_bit_count,port2,Accumulator,500000000,0,0,0,0,0,0,0,0,0,0
router_12,send_packet_count,port2,Accumulator,500000000,0,0,0,0,0,0,0,0,0,0
router_12,output_port_stalls,port2,Accumulator,500000000,0,0,0,0,0,0,0,0,0,0
router_12,idle_time,port2,Accumulator,500000000,0,500000000,250000000000000000,1,500000000,500000000,0,0,0,0
router_12,width_adj_count,port2,Accumulator,500000000,0,0,0,0,0,0,0,0,0,0
router_12,send_bit_count,port3,Accumulator,500000000,0,0,0,0,0,0,0,0,0,0
router_12,send_packet_count,port3,Accumulator,500000000,0,0,0,0,0,0,0,0,0,0
router_12,output_port_stalls,port3,Accumulator,500000000,0,0,0,0,0,0,0,0,0,0
router_12,idle_time,port3,Accumulator,500000000,0,500000000,250000000000000000,1,500000000,500000000,0,0,0,0
router_12,width_adj_count,port3,Accumulator,500000000,0,0,0,0,0,0,0,0,0,0
router_12,send_bit_count,port4,Accumulator,500000000,0,0,0,0,0,0,0,0,0,0
router_12,send_packet_count,port4,Accumulator,500000000,0,0,0,0,0,0,0,0,0,0
router_12,output_port_stalls,port4,Accumulator,500000000,0,0,0,0,0,0,0,0,0,0
router_12,idle_time,port4,Accumulator,500000000,0,500000000,250000000000000000,1,500000000,500000000,0,0,0,0
router_12,width_adj_count,port4,Accumulator,500000000,0,0,0,0,0,0,0,0,0,0
router_12,xbar_stalls,port0,Accumulator,500000000,0,0,0,0,0,0,0,0,0,0
router_12,xbar_stalls,port1,Accumulator,500000000,0,0,0,0,0,0,0,0,0,0
router_12,xbar_stalls,port2,Accumulator,500000000,0,0,0,0,0,0,0,0,0,0
router_12,xbar_stalls,port3,Accumulator,500000000,0,0,0,0,0,0,0,0,0,0
router_12,xbar_stalls,port4,Accumulator,500000000,0,0,0,0,0,0,0,0,0,0
router_13,send_bit_count,port0,Accumulator,500000000,0,0,0,0,0,0,0,0,0,0
router_13,send_packet_count,port0,Accumulator,500000000,0,0,0,0,0,0,0,0,0,0
router_13,output_port_stalls,port0,Accumulator,500000000,0,0,0,0,0,0,0,0,0,0
router_13,idle_time,port0,Accumulator,500000000,0,500000000,250000000000000000,1,500000000,500000000,0,0,0,0
router_13,width_adj_count,port0,Accumulator,500000000,0,0,0,0,0,0,0,0,0,0
router_13,send_bit_count,port1,Accumulator,500000000,0,0,0,0,0,0,0,0,0,0
router_13,send_packet_count,port1,Accumulator,500000000,0,0,0,0,0,0,0,0,0,0
router_13,output_port_stalls,port1,Accumulator,500000000,0,0,0,0,0,0,0,0,0,0
router_13,idle_time,port1,Accumulator,500000000,0,500000000,250000000000000000,1,500000000,500000000,0,0,0,0
router_13,width_adj_count,port1,Accumulator,500000000,0,0,0,0,0,0,0,0,0,0
router_13,send_bit_count,port2,Accumulator,500000000,0,0,0,0,0,0,0,0,0,0
router_13,send_packet_count,port2,Accumulator,500000000,0,0,0,0,0,0,0,0,0,0
router_13,output_port_stalls,port2,Accumulator,500000000,0,0,0,0,0,0,0,0,0,0
router_13,idle_time,port2,Accumulator,500000000,0,500000000,250000000000000000,1,500000000,500000000,0,0,0,0
router_13,width_adj_count,port2,Accumulator,500000000,0,0,0,0,0,0,0,0,0,0
router_13,send_bit_count,port3,Accumulator,500000000,0,0,0,0,0,0,0,0,0,0
router_13,send_packet_count,port3,Accumulator,500000000,0,0,0,0,0,0,0,0,0,0
router_13,output_port_stalls,port3,Accumulator,500000000,0,0,0,0,0,0,0,0,0,0
router_13,idle_time,port3,Accumulator,500000000,0,500000000,250000000000000000,1,500000000,500000000,0,0,0,0
router_13,width_adj_count,port3,Accumulator,500000000,0,0,0,0,0,0,0,0,0,0
router_13,send_bit_count,port4,Accumulator,500000000,0,0,0,0,0,0,0,0,0,0
router_13,send_packet_count,port4,Accumulator,500000000,0,0,0,0,0,0,0,0,0,0
router_13,output_port_stalls,port4,Accumulator,500000000,0,0,0,0,0,0,0,0,0,0
router_13,idle_time,port4,Accumulator,500000000,0,500000000,250000000000000000,1,500000000,500000000,0,0,0,0
router_13,width_adj_count,port4,Accumulator,500000000,0,0,0,0,0,0,0,0,0,0
router_13,xbar_stalls,port0,Accumulator,500000000,0,0,0,0,0,0,0,0,0,0
router_13,xbar_stalls,port1,Accumulator,500000000,0,0,0,0,0,0,0,0,0,0
router_13,xbar_stalls,port2,Accumulator,500000000,0,0,0,0,0,0,0,0,0,0
router_13,xbar_stalls,port3,Accumulator,500000000,0,0,0,0,0,0,0,0,0,0
router_13,xbar_stalls,port4,Accumulator,500000000,0,0,0,0,0,0,0,0,0,0
router_14,send_bit_count,port0,Accumulator,500000000,0,0,0,0,0,0,0,0,0,0
router_14,send_packet_count,port0,Accumulator,500000000,0,0,0,0,0,0,0,0,0,0
router_14,output_port_stalls,port0,Accumulator,500000000,0,0,0,0,0,0,0,0,0,0
router_14,idle_time,port0,Accumulator,500000000,0,500000000,250000000000000000,1,500000000,500000000,0,0,0,0
router_14,width_adj_count,port0,Accumulator,500000000,0,0,0,0,0,0,0,0,0,0
router_14,send_bit_count,port1,Accumulator,500000000,0,0,0,0,0,0,0,0,0,0
router_14,send_packet_count,port1,Accumulator,500000000,0,0,0,0,0,0,0,0,0,0
router_14,output_port_stalls,port1,Accumulator,500000000,0,0,0,0,0,0,0,0,0,0
router_14,idle_time,port1,Accumulator,500000000,0,500000000,250000000000000000,1,500000000,500000000,0,0,0,0
router_14,width_adj_count,port1,Accumulator,500000000,0,0,0,0,0,0,0,0,0,0
router_14,send_bit_count,port2,Accumulator,500000000,0,0,0,0,0,0,0,0,0,0
router_14,send_packet_count,port2,Accumulator,500000000,0,0,0,0,0,0,0,0,0,0
router_14,output_port_stalls,port2,Accumulator,500000000,0,0,0,0,0,0,0,0,0,0
router_14,idle_time,port2,Accumulator,500000000,0,500000000,250000000000000000,1,500000000,500000000,0,0,0,0
router_14,width_adj_count,port2,Accumulator,500000000,0,0,0,0,0,0,0,0,0,0
router_14,send_bit_count,port3,Accumulator,500000000,0,0,0,0,0,0,0,0,0,0
router_14,send_packet_count,port3,Accumulator,500000000,0,0,0,0,0,0,0,0,0,0
router_14,output_port_stalls,port3,Accumulator,500000000,0,0,0,0,0,0,0,0,0,0
router_14,idle_time,port3,Accumulator,500000000,0,500000000,250000000000000000,1,500000000,500000000,0,0,0,0
router_14,width_adj_count,port3,Accumulator,500000000,0,0,0,0,0,0,0,0,0,0
router_14,send_bit_count,port4,Accumulator,500000000,0,0,0,0,0,0,0,0,0,0
router_14,send_packet_count,port4,Accumulator,500000000,0,0,0,0,0,0,0,0,0,0
router_14,output_port_stalls,port4,Accumulator,500000000,0,0,0,0,0,0,0,0,0,0
router_14,idle_time,port4,Accumulator,500000000,0,500000000,250000000000000000,1,500000000,500000000,0,0,0,0
router_14,width_adj_count,port4,Accumulator,500000000,0,0,0,0,0,0,0,0,0,0
router_14,xbar_stalls,port0,Accumulator,500000000,0,0,0,0,0,0,0,0,0,0
router_14,xbar_stalls,port1,Accumulator,500000000,0,0,0,0,0,0,0,0,0,0
router_14,xbar_stalls,port2,Accumulator,500000000,0,0,0,0,0,0,0,0,0,0
router_14,xbar_stalls,port3,Accumulator,500000000,0,0,0,0,0,0,0,0,0,0
router_14,xbar_stalls,port4,Accumulator,500000000,0,0,0,0,0,0,0,0,0,0
router_15,send_bit_count,port1,Accumulator,500000000,0,0,0,0,0,0,0,0,0,0
router_15,send_packet_count,port1,Accumulator,500000000,0,0,0,0,0,0,0,0,0,0
router_15,output_port_stalls,port1,Accumulator,500000000,0,0,0,0,0,0,0,0,0,0
router_15,idle_time,port1,Accumulator,500000000,0,500000000,250000000000000000,1,500000000,500000000,0,0,0,0
router_15,width_adj_count,port1,Accumulator,500000000,0,0,0,0,0,0,0,0,0,0
router_15,send_bit_count,port2,Accumulator,500000000,0,0,0,0,0,0,0,0,0,0
router_15,send_packet_count,port2,Accumulator,500000000,0,0,0,0,0,0,0,0,0,0
router_15,output_port_stalls,port2,Accumulator,500000000,0,0,0,0,0,0,0,0,0,0
router_15,idle_time,port2,Accumulator,500000000,0,500000000,250000000000000000,1,500000000,500000000,0,0,0,0
router_15,width_adj_count,port2,Accumulator,500000000,0,0,0,0,0,0,0,0,0,0
router_15,send_bit_count,port3,Accumulator,500000000,0,0,0,0,0,0,0,0,0,0
router_15,send_packet_count,port3,Accumulator,500000000,0,0,0,0,0,0,0,0,0,0
router_15,output_port_stalls,port3,Accumulator,500000000,0,0,0,0,0,0,0,0,0,0
router_15,idle_time,port3,Accumulator,500000000,0,500000000,250000000000000000,1,500000000,500000000,0,0,0,0
router_15,width_adj_count,port3,Accumulator,500000000,0,0,0,0,0,0,0,0,0,0
router_15,send_bit_count,port4,Accumulator,500000000,0,0,0,0,0,0,0,0,0,0
router_15,send_packet_count,port4,Accumulator,500000000,0,0,0,0,0,0,0,0,0,0
router_15,output_port_stalls,port4,Accumulator,500000000,0,0,0,0,0,0,0,0,0,0
router_15,idle_time,port4,Accumulator,500000000,0,500000000,250000000000000000,1,500000000,500000000,0,0,0,0
router_15,width_adj_count,port4,Accumulator,500000000,0,0,0,0,0,0,0,0,0,0
router_15,xbar_stalls,port0,Accumulator,500000000,0,0,0,0,0,0,0,0,0,0
router_15,xbar_stalls,port1,Accumulator,500000000,0,0,0,0,0,0,0,0,0,0
router_15,xbar_stalls,port2,Accumulator,500000000,0,0,0,0,0,0,0,0,0,0
router_15,xbar_stalls,port3,Accumulator,500000000,0,0,0,0,0,0,0,0,0,0
router_15,xbar_stalls,port4,Accumulator,500000000,0,0,0,0,0,0,0,0,0,0
router_16,send_bit_count,port0,Accumulator,500000000,0,0,0,0,0,0,0,0,0,0
router_16,send_packet_count,port0,Accumulator,500000000,0,0,0,0,0,0,0,0,0,0
router_16,output_port_stalls,port0,Accumulator,500000000,0,0,0,0,0,0,0,0,0,0
router_16,idle_time,port0,Accumulator,500000000,0,500000000,250000000000000000,1,500000000,500000000,0,0,0,0
router_16,width_adj_count,port0,Accumulator,500000000,0,0,0,0,0,0,0,0,0,0
router_16,send_bit_count,port2,Accumulator,500000000,0,0,0,0,0,0,0,0,0,0
router_16,send_packet_count,port2,Accumulator,500000000,0,0,0,0,0,0,0,0,0,0
router_16,output_port_stalls,port2,Accumulator,500000000,0,0,0,0,0,0,0,0,0,0
router_16,idle_time,port2,Accumulator,500000000,0,500000000,250000000000000000,1,500000000,500000000,0,0,0,0
router_16,width_adj_count,port2,Accumulator,500000000,0,0,0,0,0,0,0,0,0,0
router_16,send_bit_count,port3,Accumulator,500000000,0,0,0,0,0,0,0,0,0,0
router_16,send_packet_count,port3,Accumulator,500000000,0,0,0,0,0,0,0,0,0,0
router_16,output_port_stalls,port3,Accumulator,500000000,0,0,0,0,0,0,0,0,0,0
router_16,idle_time,port3,Accumulator,500000000,0,500000000,250000000000000000,1,500000000,500000000,0,0,0,0
router_16,width_adj_count,port3,Accumulator,500000000,0,0,0,0,0,0,0,0,0,0
router_16,send_bit_count,port4,Accumulator,500000000,0,0,0,0,0,0,0,0,0,0
router_16,send_packet_count,port4,Accumulator,500000000,0,0,0,0,0,0,0,0,0,0
router_16,output_port_stalls,port4,Accumulator,500000000,0,0,0,0,0,0,0,0,0,0
router_16,idle_time,port4,Accumulator,500000000,0,500000000,250000000000000000,1,500000000,500000000,0,0,0,0
router_16,width_adj_count,port4,Accumulator,500000000,0,0,0,0,0,0,0,0,0,0
router_16,xbar_stalls,port0,Accumulator,500000000,0,0,0,0,0,0,0,0,0,0
router_16,xbar_stalls,port1,Accumulator,500000000,0,0,0,0,0,0,0,0,0,0
router_16,xbar_stalls,port2,Accumulator,500000000,0,0,0,0,0,0,0,0,0,0
router_16,xbar_stalls,port3,Accumulator,500000000,0,0,0,0,0,0,0,0,0,0
router_16,xbar_stalls,port4,Accumulator,500000000,0,0,0,0,0,0,0,0,0,0
router_17,send_bit_count,port0,Accumulator,500000000,0,0,0,0,0,0,0,0,0,0
router_17,send_packet_count,port0,Accumulator,500000000,0,0,0,0,0,0,0,0,0,0
router_17,output_port_stalls,port0,Accumulator,500000000,0,0,0,0,0,0,0,0,0,0
router_17,idle_time,port0,Accumulator,500000000,0,500000000,250000000000000000,1,500000000,500000000,0,0,0,0
router_17,width_adj_count,port0,Accumulator,500000000,0,0,0,0,0,0,0,0,0,0
router_17,send_bit_count,port1,Accumulator,500000000,0,0,0,0,0,0,0,0,0,0
router_17,send_packet_count,port1,Accumulator,500000000,0,0,0,0,0,0,0,0,0,0
router_17,output_port_stalls,port1,Accumulator,500000000,0,0,0,0,0,0,0,0,0,0
router_17,idle_time,port1,Accumulator,500000000,0,500000000,250000000000000000,1,500000000,500000000,0,0,0,0
router_17,width_adj_count,port1,Accumulator,500000000,0,0,0,0,0,0,0,0,0,0
router_17,send_bit_count,port2,Accumulator,500000000,0,0,0,0,0,0,0,0,0,0
router_17,send_packet_count,port2,Accumulator,500000000,0,0,0,0,0,0,0,0,0,0
router_17,output_port_stalls,port2,Accumulator,500000000,0,0,0,0,0,0,0,0,0,0
router_17,idle_time,port2,Accumulator,500000000,0,500000000,250000000000000000,1,500000000,500000000,0,0,0,0
router_17,width_adj_count,port2,Accumulator,500000000,0,0,0,0,0,0,0,0,0,0
router_17,send_bit_count,port3,Accumulator,500000000,0,0,0,0,0,0,0,0,0,0
router_17,send_packet_count,port3,Accumulator,500000000,0,0,0,0,0,0,0,0,0,0
router_17,output_port_stalls,port3,Accumulator,500000000,0,0,0,0,0,0,0,0,0,0
router_17,idle_time,port3,Accumulator,500000000,0,500000000,250000000000000000,1,500000000,500000000,0,0,0,0
router_17,width_adj_count,port3,Accumulator,500000000,0,0,0,0,0,0,0,0,0,0
router_17,send_bit_count,port4,Accumulator,500000000,0,0,0,0,0,0,0,0,0,0
router_17,send_packet_count,port4,Accumulator,500000000,0,0,0,0,0,0,0,0,0,0
router_17,output_port_stalls,port4,Accumulator,500000000,0,0,0,0,0,0,0,0,0,0
router_17,idle_time,port4,Accumulator,500000000,0,500000000,250000000000000000,1,500000000,500000000,0,0,0,0
router_17,width_adj_count,port4,Accumulator,500000000,0,0,0,0,0,0,0,0,0,0
router_17,xbar_stalls,port0,Accumulator,500000000,0,0,0,0,0,0,0,0,0,0
router_17,xbar_stalls,port1,Accumulator,500000000,0,0,0,0,0,0,0,0,0,0
router_17,xbar_stalls,port2,Accumulator,500000000,0,0,0,0,0,0,0,0,0,0
router_17,xbar_stalls,port3,Accumulator,500000000,0,0,0,0,0,0,0,0,0,0
router_17,xbar_stalls,port4,Accumulator,500000000,0,0,0,0,0,0,0,0,0,0
router_18,send_bit_count,port0,Accumulator,500000000,0,0,0,0,0,0,0,0,0,0
router_18,send_packet_count,port0,Accumulator,500000000,0,0,0,0,0,0,0,0,0,0
router_18,output_port_stalls,port0,Accumulator,500000000,0,0,0,0,0,0,0,0,0,0
router_18,idle_time,port0,Accumulator,500000000,0,500000000,250000000000000000,1,500000000,500000000,0,0,0,0
router_18,width_adj_count,port0,Accumulator,500000000,0,0,0,0,0,0,0,0,0,0
router_18,send_bit_count,port1,Accumulator,500000000,0,0,0,0,0,0,0,0,0,0
router_18,send_packet_count,port1,Accumulator,500000000,0,0,0,0,0,0,0,0,0,0
router_18,output_port_stalls,port1,Accumulator,500000000,0,0,0,0,0,0,0,0,0,0
router_18,idle_time,port1,Accumulator,500000000,0,500000000,250000000000000000,1,500000000,500000000,0,0,0,0
router_18,width_adj_count,port1,Accumulator,500000000,0,0,0,0,0,0,0,0,0,0
router_18,send_bit_count,port2,Accumulator,500000000,0,0,0,0,0,0,0,0,0,0
router_18,send_packet_count,port2,Accumulator,500000000,0,0,0,0,0,0,0,0,0,0
router_18,output_port_stalls,port2,Accumulator,500000000,0,0,0,0,0,0,0,0,0,0
router_18,idle_time,port2,Accumulator,500000000,0,500000000,250000000000000000,1,500000000,500000000,0,0,0,0
router_18,width_adj_count,port2,Accumulator,500000000,0,0,0,0,0,0,0,0,0,0
router_18,send_bit_count,port3,Accumulator,500000000,0,0,0,0,0,0,0,0,0,0
router_18,send_packet_count,port3,Accumulator,500000000,0,0,0,0,0,0,0,0,0,0
router_18,output_port_stalls,port3,Accumulator,500000000,0,0,0,0,0,0,0,0,0,0
router_18,idle_time,port3,Accumulator,500000000,0,500000000,250000000000000000,1,500000000,500000000,0,0,0,0
router_18,width_adj_count,port3,Accumulator,500000000,0,0,0,0,0,0,0,0,0,0
router_18,send_bit_count,port4,Accumulator,500000000,0,0,0,0,0,0,0,0,0,0
router_18,send_packet_count,port4,Accumulator,500000000,0,0,0,0,0,0,0,0,0,0
router_18,output_port_stalls,port4,Accumulator,500000000,0,0,0,0,0,0,0,0,0,0
router_18,idle_time,port4,Accumulator,500000000,0,500000000,250000000000000000,1,500000000,500000000,0,0,0,0
router_18,width_adj_count,port4,Accumulator,500000000,0,0,0,0,0,0,0,0,0,0
router_18,xbar_stalls,port0,Accumulator,500000000,0,0,0,0,0,0,0,0,0,0
router_18,xbar_stalls,port1,Accumulator,500000000,0,0,0,0,0,0,0,0,0,0
router_18,xbar_stalls,port2,Accumulator,500000000,0,0,0,0,0,0,0,0,0,0
router_18,xbar_stalls,port3,Accumulator,500000000,0,0,0,0,0,0,0,0,0,0
router_18,xbar_stalls,port4,Accumulator,500000000,0,0,0,0,0,0,0,0,0,0
router_19,send_bit_count,port0,Accumulator,500000000,0,0,0,0,0,0,0,0,0,0
router_19,send_packet_count,port0,Accumulator,500000000,0,0,0,0,0,0,0,0,0,0
router_19,output_port_stalls,port0,Accumulator,500000000,0,0,0,0,0,0,0,0,0,0
router_19,idle_time,port0,Accumulator,500000000,0,500000000,250000000000000000,1,500000000,500000000,0,0,0,0
router_19,width_adj_count,port0,Accumulator,500000000,0,0,0,0,0,0,0,0,0,0
router_19,send_bit_count,port1,Accumulator,500000000,0,0,0,0,0,0,0,0,0,0
router_19,send_packet_count,port1,Accumulator,500000000,0,0,0,0,0,0,0,0,0,0
router_19,output_port_stalls,port1,Accumulator,500000000,0,0,0,0,0,0,0,0,0,0
router_19,idle_time,port1,Accumulator,500000000,0,500000000,250000000000000000,1,500000000,500000000,0,0,0,0
router_19,width_adj_count,port1,Accumulator,500000000,0,0,0,0,0,0,0,0,0,0
router_19,send_bit_count,port2,Accumulator,500000000,0,0,0,0,0,0,0,0,0,0
router_19,send_packet_count,port2,Accumulator,500000000,0,0,0,0,0,0,0,0,0,0
router_19,output_port_stalls,port2,Accumulator,500000000,0,0,0,0,0,0,0,0,0,0
router_19,idle_time,port2,Accumulator,500000000,0,500000000,250000000000000000,1,500000000,500000000,0,0,0,0
router_19,width_adj_count,port2,Accumulator,500000000,0,0,0,0,0,0,0,0,0,0
router_19,send_bit_count,port3,Accumulator,500000000,0,0,0,0,0,0,0,0,0,0
router_19,send_packet_count,port3,Accumulator,500000000,0,0,0,0,0,0,0,0,0,0
router_19,output_port_stalls,port3,Accumulator,500000000,0,0,0,0,0,0,0,0,0,0
router_19,idle_time,port3,Accumulator,500000000,0,500000000,250000000000000000,1,500000000,500000000,0,0,0,0
router_19,width_adj_count,port3,Accumulator,500000000,0,0,0,0,0,0,0,0,0,0
router_19,send_bit_count,port4,Accumulator,500000000,0,0,0,0,0,0,0,0,0,0
router_19,send_packet_count,port4,Accumulator,500000000,0,0,0,0,0,0,0,0,0,0
router_19,output_port_stalls,port4,Accumulator,500000000,0,0,0,0,0,0,0,0,0,0
router_19,idle_time,port4,Accumulator,500000000,0,500000000,250000000000000000,1,500000000,500000000,0,0,0,0
router_19,width_adj_count,port4,Accumulator,500000000,0,0,0,0,0,0,0,0,0,0
router_19,xbar_stalls,port0,Accumulator,500000000,0,0,0,0,0,0,0,0,0,0
router_19,xbar_stalls,port1,Accumulator,500000000,0,0,0,0,0,0,0,0,0,0
router_19,xbar_stalls,port2,Accumulator,500000000,0,0,0,0,0,0,0,0,0,0
router_19,xbar_stalls,port3,Accumulator,500000000,0,0,0,0,0,0,0,0,0,0
router_19,xbar_stalls,port4,Accumulator,500000000,0,0,0,0,0,0,0,0,0,0
router_20,send_bit_count,port0,Accumulator,500000000,0,0,0,0,0,0,0,0,0,0
router_20,send_packet_count,port0,Accumulator,500000000,0,0,0,0,0,0,0,0,0,0
router_20,output_port_stalls,port0,Accumulator,500000000,0,0,0,0,0,0,0,0,0,0
router_20,idle_time,port0,Accumulator,500000000,0,500000000,250000000000000000,1,500000000,500000000,0,0,0,0
router_20,width_adj_count,port0,Accumulator,500000000,0,0,0,0,0,0,0,0,0,0
router_20,send_bit_count,port1,Accumulator,500000000,0,0,0,0,0,0,0,0,0,0
router_20,send_packet_count,port1,Accumulator,500000000,0,0,0,0,0,0,0,0,0,0
router_20,output_port_stalls,port1,Accumulator,500000000,0,0,0,0,0,0,0,0,0,0
router_20,idle_time,port1,Accumulator,500000000,0,500000000,250000000000000000,1,500000000,500000000,0,0,0,0
router_20,width_adj_count,port1,Accumulator,500000000,0,0,0,0,0,0,0,0,0,0
router_20,send_bit_count,port2,Accumulator,500000000,0,0,0,0,0,0,0,0,0,0
router_20,send_packet_count,port2,Accumulator,500000000,0,0,0,0,0,0,0,0,0,0
router_20,output_port_stalls,port2,Accumulator,500000000,0,0,0,0,0,0,0,0,0,0
router_20,idle_time,port2,Accumulator,500000000,0,500000000,250000000000000000,1,500000000,500000000,0,0,0,0
router_20,width_adj_count,port2,Accumulator,500000000,0,0,0,0,0,0,0,0,0,0
router_20,send_bit_count,port3,Accumulator,500000000,0,0,0,0,0,0,0,0,0,0
router_20,send_packet_count,port3,Accumulator,500000000,0,0,0,0,0,0,0,0,0,0
router_20,output_port_stalls,port3,Accumulator,500000000,0,0,0,0,0,0,0,0,0,0
router_20,idle_time,port3,Accumulator,500000000,0,500000000,250000000000000000,1,500000000,500000000,0,0,0,0
router_20,width_adj_count,port3,Accumulator,500000000,0,0,0,0,0,0,0,0,0,0
router_20,send_bit_count,port4,Accumulator,500000000,0,0,0,0,0,0,0,0,0,0
router_20,send_packet_count,port4,Accumulator,500000000,0,0,0,0,0,0,0,0,0,0
router_20,output_port_stalls,port4,Accumulator,500000000,0,0,0,0,0,0,0,0,0,0
router_20,idle_time,port4,Accumulator,500000000,0,500000000,250000000000000000,1,500000000,500000000,0,0,0,0
router_20,width_adj_count,port4,Accumulator,500000000,0,0,0,0,0,0,0,0,0,0
router_20,xbar_stalls,port0,Accumulator,500000000,0,0,0,0,0,0,0,0,0,0
router_20,xbar_stalls,port1,Accumulator,500000000,0,0,0,0,0,0,0,0,0,0
router_20,xbar_stalls,port2,Accumulator,500000000,0,0,0,0,0,0,0,0,0,0
router_20,xbar_stalls,port3,Accumulator,500000000,0,0,0,0,0,0,0,0,0,0
router_20,xbar_stalls,port4,Accumulator,500000000,0,0,0,0,0,0,0,0,0,0
router_21,send_bit_count,port0,Accumulator,500000000,0,0,0,0,0,0,0,0,0,0
router_21,send_packet_count,port0,Accumulator,500000000,0,0,0,0,0,0,0,0,0,0
router_21,output_port_stalls,port0,Accumulator,500000000,0,0,0,0,0,0,0,0,0,0
router_21,idle_time,port0,Accumulator,500000000,0,500000000,250000000000000000,1,500000000,500000000,0,0,0,0
router_21,width_adj_count,port0,Accumulator,500000000,0,0,0,0,0,0,0,0,0,0
router_21,send_bit_count,port1,Accumulator,500000000,0,0,0,0,0,0,0,0,0,0
router_21,send_packet_count,port1,Accumulator,500000000,0,0,0,0,0,0,0,0,0,0
router_21,output_port_stalls,port1,Accumulator,500000000,0,0,0,0,0,0,0,0,0,0
router_21,idle_time,port1,Accumulator,500000000,0,500000000,250000000000000000,1,500000000,500000000,0,0,0,0
router_21,width_adj_count,port1,Accumulator,500000000,0,0,0,0,0,0,0,0,0,0
router_21,send_bit_count,port2,Accumulator,500000000,0,0,0,0,0,0,0,0,0,0
router_21,send_packet_count,port2,Accumulator,500000000,0,0,0,0,0,0,0,0,0,0
router_21,output_port_stalls,port2,Accumulator,500000000,0,0,0,0,0,0,0,0,0,0
router_21,idle_time,port2,Accumulator,500000000,0,500000000,250000000000000000,1,500000000,500000000,0,0,0,0
router_21,width_adj_count,port2,Accumulator,500000000,0,0,0,0,0,0,0,0,0,0
router_21,send_bit_count,port3,Accumulator,500000000,0,0,0,0,0,0,0,0,0,0
router_21,send_packet_count,port3,Accumulator,500000000,0,0,0,0,0,0,0,0,0,0
router_21,output_port_stalls,port3,Accumulator,500000000,0,0,0,0,0,0,0,0,0,0
router_21,idle_time,port3,Accumulator,500000000,0,500000000,250000000000000000,1,500000000,500000000,0,0,0,0
router_21,width_adj_count,port3,Accumulator,500000000,0,0,0,0,0,0,0,0,0,0
router_21,send_bit_count,port4,Accumulator,500000000,0,0,0,0,0,0,0,0,0,0
router_21,send_packet_count,port4,Accumulator,500000000,0,0,0,0,0,0,0,0,0,0
router_21,output_port_stalls,port4,Accumulator,500000000,0,0,0,0,0,0,0,0,0,0
router_21,idle_time,port4,Accumulator,500000000,0,500000000,250000000000000000,1,500000000,500000000,0,0,0,0
router_21,width_adj_count,port4,Accumulator,500000000,0,0,0,0,0,0,0,0,0,0
router_21,xbar_stalls,port0,Accumulator,500000000,0,0,0,0,0,0,0,0,0,0
router_21,xbar_stalls,port1,Accumulator,500000000,0,0,0,0,0,0,0,0,0,0
router_21,xbar_stalls,port2,Accumulator,500000000,0,0,0,0,0,0,0,0,0,0
router_21,xbar_stalls,port3,Accumulator,500000000,0,0,0,0,0,0,0,0,0,0
router_21,xbar_stalls,port4,Accumulator,500000000,0,0,0,0,0,0,0,0,0,0
router_22,send_bit_count,port0,Accumulator,500000000,0,0,0,0,0,0,0,0,0,0
router_22,send_packet_count,port0,Accumulator,500000000,0,0,0,0,0,0,0,0,0,0
router_22,output_port_stalls,port0,Accumulator,500000000,0,0,0,0,0,0,0,0,0,0
router_22,idle_time,port0,Accumulator,500000000,0,500000000,250000000000000000,1,500000000,500000000,0,0,0,0
router_22,width_adj_count,port0,Accumulator,500000000,0,0,0,0,0,0,0,0,0,0
router_22,send_bit_count,port1,Accumulator,500000000,0,0,0,0,0,0,0,0,0,0
router_22,send_packet_count,port1,Accumulator,500000000,0,0,0,0,0,0,0,0,0,0
router_22,output_port_stalls,port1,Accumulator,500000000,0,0,0,0,0,0,0,0,0,0
router_22,idle_time,port1,Accumulator,500000000,0,500000000,250000000000000000,1,500000000,500000000,0,0,0,0
router_22,width_adj_count,port1,Accumulator,500000000,0,0,0,0,0,0,0,0,0,0
router_22,send_bit_count,port2,Accumulator,500000000,0,0,0,0,0,0,0,0,0,0
router_22,send_packet_count,port2,Accumulator,500000000,0,0,0,0,0,0,0,0,0,0
router_22,output_port_stalls,port2,Accumulator,500000000,0,0,0,0,0,0,0,0,0,0
router_22,idle_time,port2,Accumulator,500000000,0,500000000,250000000000000000,1,500000000,500000000,0,0,0,0
router_22,width_adj_count,port2,Accumulator,500000000,0,0,0,0,0,0,0,0,0,0
router_22,send_bit_count,port3,Accumulator,500000000,0,0,0,0,0,0,0,0,0,0
router_22,send_packet_count,port3,Accumulator,500000000,0,0,0,0,0,0,0,0,0,0
router_22,output_port_stalls,port3,Accumulator,500000000,0,0,0,0,0,0,0,0,0,0
router_22,idle_time,port3,Accumulator,500000000,0,500000000,250000000000000000,1,500000000,500000000,0,0,0,0
router_22,width_adj_count,port3,Accumulator,500000000,0,0,0,0,0,0,0,0,0,0
router_22,send_bit_count,port4,Accumulator,500000000,0,0,0,0,0,0,0,0,0,0
router_22,send_packet_count,port4,Accumulator,500000000,0,0,0,0,0,0,0,0,0,0
router_22,output_port_stalls,port4,Accumulator,500000000,0,0,0,0,0,0,0,0,0,0
router_22,idle_time,port4,Accumulator,500000000,0,500000000,250000000000000000,1,500000000,500000000,0,0,0,0
router_22,width_adj_count,port4,Accumulator,500000000,0,0,0,0,0,0,0,0,0,0
router_22,xbar_stalls,port0,Accumulator,500000000,0,0,0,0,0,0,0,0,0,0
router_22,xbar_stalls,port1,Accumulator,500000000,0,0,0,0,0,0,0,0,0,0
router_22,xbar_stalls,port2,Accumulator,500000000,0,0,0,0,0,0,0,0,0,0
router_22,xbar_stalls,port3,Accumulator,500000000,0,0,0,0,0,0,0,0,0,0
router_22,xbar_stalls,port4,Accumulator,500000000,0,0,0,0,0,0,0,0,0,0
router_23,send_bit_count,port1,Accumulator,500000000,0,0,0,0,0,0,0,0,0,0
router_23,send_packet_count,port1,Accumulator,500000000,0,0,0,0,0,0,0,0,0,0
router_23,output_port_stalls,port1,Accumulator,500000000,0,0,0,0,0,0,0,0,0,0
router_23,idle_time,port1,Accumulator,500000000,0,500000000,250000000000000000,1,500000000,500000000,0,0,0,0
router_23,width_adj_count,port1,Accumulator,500000000,0,0,0,0,0,0,0,0,0,0
router_23,send_bit_count,port2,Accumulator,500000000,0,0,0,0,0,0,0,0,0,0
router_23,send_packet_count,port2,Accumulator,500000000,0,0,0,0,0,0,0,0,0,0
router_23,output_port_stalls,port2,Accumulator,500000000,0,0,0,0,0,0,0,0,0,0
router_23,idle_time,port2,Accumulator,500000000,0,500000000,250000000000000000,1,500000000,500000000,0,0,0,0
router_23,width_adj_count,port2,Accumulator,500000000,0,0,0,0,0,0,0,0,0,0
router_23,send_bit_count,port3,Accumulator,500000000,0,0,0,0,0,0,0,0,0,0
router_23,send_packet_count,port3,Accumulator,500000000,0,0,0,0,0,0,0,0,0,0
router_23,output_port_stalls,port3,Accumulator,500000000,0,0,0,0,0,0,0,0,0,0
router_23,idle_time,port3,Accumulator,500000000,0,500000000,250000000000000000,1,500000000,500000000,0,0,0,0
router_23,width_adj_count,port3,Accumulator,500000000,0,0,0,0,0,0,0,0,0,0
router_23,send_bit_count,port4,Accumulator,500000000,0,0,0,0,0,0,0,0,0,0
router_23,send_packet_count,port4,Accumulator,500000000,0,0,0,0,0,0,0,0,0,0
router_23,output_port_stalls,port4,Accumulator,500000000,0,0,0,0,0,0,0,0,0,0
router_23,idle_time,port4,Accumulator,500000000,0,500000000,250000000000000000,1,500000000,500000000,0,0,0,0
router_23,width_adj_count,port4,Accumulator,500000000,0,0,0,0,0,0,0,0,0,0
router_23,xbar_stalls,port0,Accumulator,500000000,0,0,0,0,0,0,0,0,0,0
router_23,xbar_stalls,port1,Accumulator,500000000,0,0,0,0,0,0,0,0,0,0
router_23,xbar_stalls,port2,Accumulator,500000000,0,0,0,0,0,0,0,0,0,0
router_23,xbar_stalls,port3,Accumulator,500000000,0,0,0,0,0,0,0,0,0,0
router_23,xbar_stalls,port4,Accumulator,500000000,0,0,0,0,0,0,0,0,0,0
router_24,send_bit_count,port0,Accumulator,500000000,0,0,0,0,0,0,0,0,0,0
router_24,send_packet_count,port0,Accumulator,500000000,0,0,0,0,0,0,0,0,0,0
router_24,output_port_stalls,port0,Accumulator,500000000,0,0,0,0,0,0,0,0,0,0
router_24,idle_time,port0,Accumulator,500000000,0,500000000,250000000000000000,1,500000000,500000000,0,0,0,0
router_24,width_adj_count,port0,Accumulator,500000000,0,0,0,0,0,0,0,0,0,0
router_24,send_bit_count,port2,Accumulator,500000000,0,0,0,0,0,0,0,0,0,0
router_24,send_packet_count,port2,Accumulator,500000000,0,0,0,0,0,0,0,0,0,0
router_24,output_port_stalls,port2,Accumulator,500000000,0,0,0,0,0,0,0,0,0,0
router_24,idle_time,port2,Accumulator,500000000,0,500000000,250000000000000000,1,500000000,500000000,0,0,0,0
router_24,width_adj_count,port2,Accumulator,500000000,0,0,0,0,0,0,0,0,0,0
router_24,send_bit_count,port3,Accumulator,500000000,0,0,0,0,0,0,0,0,0,0
router_24,send_packet_count,port3,Accumulator,500000000,0,0,0,0,0,0,0,0,0,0
router_24,output_port_stalls,port3,Accumulator,500000000,0,0,0,0,0,0,0,0,0,0
router_24,idle_time,port3,Accumulator,500000000,0,500000000,250000000000000000,1,500000000,500000000,0,0,0,0
router_24,width_adj_count,port3,Accumulator,500000000,0,0,0,0,0,0,0,0,0,0
router_24,send_bit_count,port4,Accumulator,500000000,0,0,0,0,0,0,0,0,0,0
router_24,send_packet_count,port4,Accumulator,500000000,0,0,0,0,0,0,0,0,0,0
router_24,output_port_stalls,port4,Accumulator,500000000,0,0,0,0,0,0,0,0,0,0
router_24,idle_time,port4,Accumulator,500000000,0,500000000,250000000000000000,1,500000000,500000000,0,0,0,0
router_24,width_adj_count,port4,Accumulator,500000000,0,0,0,0,0,0,0,0,0,0
router_24,xbar_stalls,port0,Accumulator,500000000,0,0,0,0,0,0,0,0,0,0
router_24,xbar_stalls,port1,Accumulator,500000000,0,0,0,0,0,0,0,0,0,0
router_24,xbar_stalls,port2,Accumulator,500000000,0,0,0,0,0,0,0,0,0,0
router_24,xbar_stalls,port3,Accumulator,500000000,0,0,0,0,0,0,0,0,0,0
router_24,xbar_stalls,port4,Accumulator,500000000,0,0,0,0,0,0,0,0,0,0
router_25,send_bit_count,port0,Accumulator,500000000,0,0,0,0,0,0,0,0,0,0
router_25,send_packet_count,port0,Accumulator,500000000,0,0,0,0,0,0,0,0,0,0
router_25,output_port_stalls,port0,Accumulator,500000000,0,0,0,0,0,0,0,0,0,0
router_25,idle_time,port0,Accumulator,500000000,0,500000000,250000000000000000,1,500000000,500000000,0,0,0,0
router_25,width_adj_count,port0,Accumulator,500000000,0,0,0,0,0,0,0,0,0,0
router_25,send_bit_count,port1,Accumulator,500000000,0,0,0,0,0,0,0,0,0,0
router_25,send_packet_count,port1,Accumulator,500000000,0,0,0,0,0,0,0,0,0,0
router_25,output_port_stalls,port1,Accumulator,500000000,0,0,0,0,0,0,0,0,0,0
router_25,idle_time,port1,Accumulator,500000000,0,500000000,250000000000000000,1,500000000,500000000,0,0,0,0
router_25,width_adj_count,port1,Accumulator,500000000,0,0,0,0,0,0,0,0,0,0
router_25,send_bit_count,port2,Accumulator,500000000,0,0,0,0,0,0,0,0,0,0
router_25,send_packet_count,port2,Accumulator,500000000,0,0,0,0,0,0,0,0,0,0
router_25,output_port_stalls,port2,Accumulator,500000000,0,0,0,0,0,0,0,0,0,0
router_25,idle_time,port2,Accumulator,500000000,0,500000000,250000000000000000,1,500000000,500000000,0,0,0,0
router_25,width_adj_count,port2,Accumulator,500000000,0,0,0,0,0,0,0,0,0,0
router_25,send_bit_count,port3,Accumulator,500000000,0,0,0,0,0,0,0,0,0,0
router_25,send_packet_count,port3,Accumulator,500000000,0,0,0,0,0,0,0,0,0,0
router_25,output_port_stalls,port3,Accumulator,500000000,0,0,0,0,0,0,0,0,0,0
router_25,idle_time,port3,Accumulator,500000000,0,500000000,250000000000000000,1,500000000,500000000,0,0,0,0
router_25,width_adj_count,port3,Accumulator,500000000,0,0,0,0,0,0,0,0,0,0
router_25,send_bit_count,port4,Accumulator,500000000,0,0,0,0,0,0,0,0,0,0
router_25,send_packet_count,port4,Accumulator,500000000,0,0,0,0,0,0,0,0,0,0
router_25,output_port_stalls,port4,Accumulator,500000000,0,0,0,0,0,0,0,0,0,0
router_25,idle_time,port4,Accumulator,500000000,0,500000000,250000000000000000,1,500000000,500000000,0,0,0,0
router_25,width_adj_count,port4,Accumulator,500000000,0,0,0,0,0,0,0,0,0,0
router_25,xbar_stalls,port0,Accumulator,500000000,0,0,0,0,0,0,0,0,0,0
router_25,xbar_stalls,port1,Accumulator,500000000,0,0,0,0,0,0,0,0,0,0
router_25,xbar_stalls,port2,Accumulator,500000000,0,0,0,0,0,0,0,0,0,0
router_25,xbar_stalls,port3,Accumulator,500000000,0,0,0,0,0,0,0,0,0,0
router_25,xbar_stalls,port4,Accumulator,500000000,0,0,0,0,0,0,0,0,0,0
router_26,send_bit_count,port0,Accumulator,500000000,0,0,0,0,0,0,0,0,0,0
router_26,send_packet_count,port0,Accumulator,500000000,0,0,0,0,0,0,0,0,0,0
router_26,output_port_stalls,port0,Accumulator,500000000,0,0,0,0,0,0,0,0,0,0
router_26,idle_time,port0,Accumulator,500000000,0,500000000,250000000000000000,1,500000000,500000000,0,0,0,0
router_26,width_adj_count,port0,Accumulator,500000000,0,0,0,0,0,0,0,0,0,0
router_26,send_bit_count,port1,Accumulator,500000000,0,0,0,0,0,0,0,0,0,0
router_26,send_packet_count,port1,Accumulator,500000000,0,0,0,0,0,0,0,0,0,0
router_26,output_port_stalls,port1,Accumulator,500000000,0,0,0,0,0,0,0,0,0,0
router_26,idle_time,port1,Accumulator,500000000,0,500000000,250000000000000000,1,500000000,500000000,0,0,0,0
router_26,width_adj_count,port1,Accumulator,500000000,0,0,0,0,0,0,0,0,0,0
router_26,send_bit_count,port2,Accumulator,500000000,0,0,0,0,0,0,0,0,0,0
router_26,send_packet_count,port2,Accumulator,500000000,0,0,0,0,0,0,0,0,0,0
router_26,output_port_stalls,port2,Accumulator,500000000,0,0,0,0,0,0,0,0,0,0
router_26,idle_time,port2,Accumulator,500000000,0,500000000,250000000000000000,1,500000000,500000000,0,0,0,0
router_26,width_adj_count,port2,Accumulator,500000000,0,0,0,0,0,0,0,0,0,0
router_26,send_bit_count,port3,Accumulator,500000000,0,0,0,0,0,0,0,0,0,0
router_26,send_packet_count,port3,Accumulator,500000000,0,0,0,0,0,0,0,0,0,0
router_26,output_port_stalls,port3,Accumulator,500000000,0,0,0,0,0,0,0,0,0,0
router_26,idle_time,port3,Accumulator,500000000,0,500000000,250000000000000000,1,500000000,500000000,0,0,0,0
router_26,width_adj_count,port3,Accumulator,500000000,0,0,0,0,0,0,0,0,0,0
router_26,send_bit_count,port4,Accumulator,500000000,0,0,0,0,0,0,0,0,0,0
router_26,send_packet_count,port4,Accumulator,500000000,0,0,0,0,0,0,0,0,0,0
router_26,output_port_stalls,port4,Accumulator,500000000,0,0,0,0,0,0,0,0,0,0
router_26,idle_time,port4,Accumulator,500000000,0,500000000,250000000000000000,1,500000000,500000000,0,0,0,0
router_26,width_adj_count,port4,Accumulator,500000000,0,0,0,0,0,0,0,0,0,0
router_26,xbar_stalls,port0,Accumulator,500000000,0,0,0,0,0,0,0,0,0,0
router_26,xbar_stalls,port1,Accumulator,500000000,0,0,0,0,0,0,0,0,0,0
router_26,xbar_stalls,port2,Accumulator,500000000,0,0,0,0,0,0,0,0,0,0
router_26,xbar_stalls,port3,Accumulator,500000000,0,0,0,0,0,0,0,0,0,0
router_26,xbar_stalls,port4,Accumulator,500000000,0,0,0,0,0,0,0,0,0,0
router_27,send_bit_count,port0,Accumulator,500000000,0,0,0,0,0,0,0,0,0,0
router_27,send_packet_count,port0,Accumulator,500000000,0,0,0,0,0,0,0,0,0,0
router_27,output_port_stalls,port0,Accumulator,500000000,0,0,0,0,0,0,0,0,0,0
router_27,idle_time,port0,Accumulator,500000000,0,500000000,250000000000000000,1,500000000,500000000,0,0,0,0
router_27,width_adj_count,port0,Accumulator,500000000,0,0,0,0,0,0,0,0,0,0
router_27,send_bit_count,port1,Accumulator,500000000,0,0,0,0,0,0,0,0,0,0
router_27,send_packet_count,port1,Accumulator,500000000,0,0,0,0,0,0,0,0,0,0
router_27,output_port_stalls,port1,Accumulator,500000000,0,0,0,0,0,0,0,0,0,0
router_27,idle_time,port1,Accumulator,500000000,0,500000000,250000000000000000,1,500000000,500000000,0,0,0,0
router_27,width_adj_count,port1,Accumulator,500000000,0,0,0,0,0,0,0,0,0,0
router_27,send_bit_count,port2,Accumulator,500000000,0,0,0,0,0,0,0,0,0,0
router_27,send_packet_count,port2,Accumulator,500000000,0,0,0,0,0,0,0,0,0,0
router_27,output_port_stalls,port2,Accumulator,500000000,0,0,0,0,0,0,0,0,0,0
router_27,idle_time,port2,Accumulator,500000000,0,500000000,250000000000000000,1,500000000,500000000,0,0,0,0
router_27,width_adj_count,port2,Accumulator,500000000,0,0,0,0,0,0,0,0,0,0
router_27,send_bit_count,port3,Accumulator,500000000,0,0,0,0,0,0,0,0,0,0
router_27,send_packet_count,port3,Accumulator,500000000,0,0,0,0,0,0,0,0,0,0
router_27,output_port_stalls,port3,Accumulator,500000000,0,0,0,0,0,0,0,0,0,0
router_27,idle_time,port3,Accumulator,500000000,0,500000000,250000000000000000,1,500000000,500000000,0,0,0,0
router_27,width_adj_count,port3,Accumulator,500000000,0,0,0,0,0,0,0,0,0,0
router_27,send_bit_count,port4,Accumulator,500000000,0,0,0,0,0,0,0,0,0,0
router_27,send_packet_count,port4,Accumulator,500000000,0,0,0,0,0,0,0,0,0,0
router_27,output_port_stalls,port4,Accumulator,500000000,0,0,0,0,0,0,0,0,0,0
router_27,idle_time,port4,Accumulator,500000000,0,500000000,250000000000000000,1,500000000,500000000,0,0,0,0
router_27,width_adj_count,port4,Accumulator,500000000,0,0,0,0,0,0,0,0,0,0
router_27,xbar_stalls,port0,Accumulator,500000000,0,0,0,0,0,0,0,0,0,0
router_27,xbar_stalls,port1,Accumulator,500000000,0,0,0,0,0,0,0,0,0,0
router_27,xbar_stalls,port2,Accumulator,500000000,0,0,0,0,0,0,0,0,0,0
router_27,xbar_stalls,port3,Accumulator,500000000,0,0,0,0,0,0,0,0,0,0
router_27,xbar_stalls,port4,Accumulator,500000000,0,0,0,0,0,0,0,0,0,0
router_28,send_bit_count,port0,Accumulator,500000000,0,0,0,0,0,0,0,0,0,0
router_28,send_packet_count,port0,Accumulator,500000000,0,0,0,0,0,0,0,0,0,0
router_28,output_port_stalls,port0,Accumulator,500000000,0,0,0,0,0,0,0,0,0,0
router_28,idle_time,port0,Accumulator,500000000,0,500000000,250000000000000000,1,500000000,500000000,0,0,0,0
router_28,width_adj_count,port0,Accumulator,500000000,0,0,0,0,0,0,0,0,0,0
router_28,send_bit_count,port1,Accumulator,500000000,0,0,0,0,0,0,0,0,0,0
router_28,send_packet_count,port1,Accumulator,500000000,0,0,0,0,0,0,0,0,0,0
router_28,output_port_stalls,port1,Accumulator,500000000,0,0,0,0,0,0,0,0,0,0
router_28,idle_time,port1,Accumulator,500000000,0,500000000,250000000000000000,1,500000000,500000000,0,0,0,0
router_28,width_adj_count,port1,Accumulator,500000000,0,0,0,0,0,0,0,0,0,0
router_28,send_bit_count,port2,Accumulator,500000000,0,0,0,0,0,0,0,0,0,0
router_28,send_packet_count,port2,Accumulator,500000000,0,0,0,0,0,0,0,0,0,0
router_28,output_port_stalls,port2,Accumulator,500000000,0,0,0,0,0,0,0,0,0,0
router_28,idle_time,port2,Accumulator,500000000,0,500000000,250000000000000000,1,500000000,500000000,0,0,0,0
router_28,width_adj_count,port2,Accumulator,500000000,0,0,0,0,0,0,0,0,0,0
router_28,send_bit_count,port3,Accumulator,500000000,0,0,0,0,0,0,0,0,0,0
router_28,send_packet_count,port3,Accumulator,500000000,0,0,0,0,0,0,0,0,0,0
router_28,output_port_stalls,port3,Accumulator,500000000,0,0,0,0,0,0,0,0,0,0
router_28,idle_time,port3,Accumulator,500000000,0,500000000,250000000000000000,1,500000000,500000000,0,0,0,0
router_28,width_adj_count,port3,Accumulator,500000000,0,0,0,0,0,0,0,0,0,0
router_28,send_bit_count,port4,Accumulator,500000000,0,0,0,0,0,0,0,0,0,0
router_28,send_packet_count,port4,Accumulator,500000000,0,0,0,0,0,0,0,0,0,0
router_28,output_port_stalls,port4,Accumulator,500000000,0,0,0,0,0,0,0,0,0,0
router_28,idle_time,port4,Accumulator,500000000,0,500000000,250000000000000000,1,500000000,500000000,0,0,0,0
router_28,width_adj_count,port4,Accumulator,500000000,0,0,0,0,0,0,0,0,0,0
router_28,xbar_stalls,port0,Accumulator,500000000,0,0,0,0,0,0,0,0,0,0
router_28,xbar_stalls,port1,Accumulator,500000000,0,0,0,0,0,0,0,0,0,0
router_28,xbar_stalls,port2,Accumulator,500000000,0,0,0,0,0,0,0,0,0,0
router_28,xbar_stalls,port3,Accumulator,500000000,0,0,0,0,0,0,0,0,0,0
router_28,xbar_stalls,port4,Accumulator,500000000,0,0,0,0,0,0,0,0,0,0
router_29,send_bit_count,port0,Accumulator,500000000,0,0,0,0,0,0,0,0,0,0
router_29,send_packet_count,port0,Accumulator,500000000,0,0,0,0,0,0,0,0,0,0
router_29,output_port_stalls,port0,Accumulator,500000000,0,0,0,0,0,0,0,0,0,0
router_29,idle_time,port0,Accumulator,500000000,0,500000000,250000000000000000,1,500000000,500000000,0,0,0,0
router_29,width_adj_count,port0,Accumulator,500000000,0,0,0,0,0,0,0,0,0,0
router_29,send_bit_count,port1,Accumulator,500000000,0,0,0,0,0,0,0,0,0,0
router_29,send_packet_count,port1,Accumulator,500000000,0,0,0,0,0,0,0,0,0,0
router_29,output_port_stalls,port1,Accumulator,500000000,0,0,0,0,0,0,0,0,0,0
router_29,idle_time,port1,Accumulator,500000000,0,500000000,250000000000000000,1,500000000,500000000,0,0,0,0
router_29,width_adj_count,port1,Accumulator,500000000,0,0,0,0,0,0,0,0,0,0
router_29,send_bit_count,port2,Accumulator,500000000,0,0,0,0,0,0,0,0,0,0
router_29,send_packet_count,port2,Accumulator,500000000,0,0,0,0,0,0,0,0,0,0
router_29,output_port_stalls,port2,Accumulator,500000000,0,0,0,0,0,0,0,0,0,0
router_29,idle_time,port2,Accumulator,500000000,0,500000000,250000000000000000,1,500000000,500000000,0,0,0,0
router_29,width_adj_count,port2,Accumulator,500000000,0,0,0,0,0,0,0,0,0,0
router_29,send_bit_count,port3,Accumulator,500000000,0,0,0,0,0,0,0,0,0,0
router_29,send_packet_count,port3,Accumulator,500000000,0,0,0,0,0,0,0,0,0,0
router_29,output_port_stalls,port3,Accumulator,500000000,0,0,0,0,0,0,0,0,0,0
router_29,idle_time,port3,Accumulator,500000000,0,500000000,250000000000000000,1,500000000,500000000,0,0,0,0
router_29,width_adj_count,port3,Accumulator,500000000,0,0,0,0,0,0,0,0,0,0
router_29,send_bit_count,port4,Accumulator,500000000,0,0,0,0,0,0,0,0,0,0
router_29,send_packet_count,port4,Accumulator,500000000,0,0,0,0,0,0,0,0,0,0
router_29,output_port_stalls,port4,Accumulator,500000000,0,0,0,0,0,0,0,0,0,0
router_29,idle_time,port4,Accumulator,500000000,0,500000000,250000000000000000,1,500000000,500000000,0,0,0,0
router_29,width_adj_count,port4,Accumulator,500000000,0,0,0,0,0,0,0,0,0,0
router_29,xbar_stalls,port0,Accumulator,500000000,0,0,0,0,0,0,0,0,0,0
router_29,xbar_stalls,port1,Accumulator,500000000,0,0,0,0,0,0,0,0,0,0
router_29,xbar_stalls,port2,Accumulator,500000000,0,0,0,0,0,0,0,0,0,0
router_29,xbar_stalls,port3,Accumulator,500000000,0,0,0,0,0,0,0,0,0,0
router_29,xbar_stalls,port4,Accumulator,500000000,0,0,0,0,0,0,0,0,0,0
router_30,send_bit_count,port0,Accumulator,500000000,0,0,0,0,0,0,0,0,0,0
router_30,send_packet_count,port0,Accumulator,500000000,0,0,0,0,0,0,0,0,0,0
router_30,output_port_stalls,port0,Accumulator,500000000,0,0,0,0,0,0,0,0,0,0
router_30,idle_time,port0,Accumulator,500000000,0,500000000,250000000000000000,1,500000000,500000000,0,0,0,0
router_30,width_adj_count,port0,Accumulator,500000000,0,0,0,0,0,0,0,0,0,0
router_30,send_bit_count,port1,Accumulator,500000000,0,0,0,0,0,0,0,0,0,0
router_30,send_packet_count,port1,Accumulator,500000000,0,0,0,0,0,0,0,0,0,0
router_30,output_port_stalls,port1,Accumulator,500000000,0,0,0,0,0,0,0,0,0,0
router_30,idle_time,port1,Accumulator,500000000,0,500000000,250000000000000000,1,500000000,500000000,0,0,0,0
router_30,width_adj_count,port1,Accumulator,500000000,0,0,0,0,0,0,0,0,0,0
router_30,send_bit_count,port2,Accumulator,500000000,0,0,0,0,0,0,0,0,0,0
router_30,send_packet_count,port2,Accumulator,500000000,0,0,0,0,0,0,0,0,0,0
router_30,output_port_stalls,port2,Accumulator,500000000,0,0,0,0,0,0,0,0,0,0
router_30,idle_time,port2,Accumulator,500000000,0,500000000,250000000000000000,1,500000000,500000000,0,0,0,0
router_30,width_adj_count,port2,Accumulator,500000000,0,0,0,0,0,0,0,0,0,0
router_30,send_bit_count,port3,Accumulator,500000000,0,0,0,0,0,0,0,0,0,0
router_30,send_packet_count,port3,Accumulator,500000000,0,0,0,0,0,0,0,0,0,0
router_30,output_port_stalls,port3,Accumulator,500000000,0,0,0,0,0,0,0,0,0,0
router_30,idle_time,port3,Accumulator,500000000,0,500000000,250000000000000000,1,500000000,500000000,0,0,0,0
router_30,width_adj_count,port3,Accumulator,500000000,0,0,0,0,0,0,0,0,0,0
router_30,send_bit_count,port4,Accumulator,500000000,0,0,0,0,0,0,0,0,0,0
router_30,send_packet_count,port4,Accumulator,500000000,0,0,0,0,0,0,0,0,0,0
router_30,output_port_stalls,port4,Accumulator,500000000,0,0,0,0,0,0,0,0,0,0
router_30,idle_time,port4,Accumulator,500000000,0,500000000,250000000000000000,1,500000000,500000000,0,0,0,0
router_30,width_adj_count,port4,Accumulator,500000000,0,0,0,0,0,0,0,0,0,0
router_30,xbar_stalls,port0,Accumulator,500000000,0,0,0,0,0,0,0,0,0,0
router_30,xbar_stalls,port1,Accumulator,500000000,0,0,0,0,0,0,0,0,0,0
router_30,xbar_stalls,port2,Accumulator,500000000,0,0,0,0,0,0,0,0,0,0
router_30,xbar_stalls,port3,Accumulator,500000000,0,0,0,0,0,0,0,0,0,0
router_30,xbar_stalls,port4,Accumulator,500000000,0,0,0,0,0,0,0,0,0,0
router_31,send_bit_count,port1,Accumulator,500000000,0,0,0,0,0,0,0,0,0,0
router_31,send_packet_count,port1,Accumulator,500000000,0,0,0,0,0,0,0,0,0,0
router_31,output_port_stalls,port1,Accumulator,500000000,0,0,0,0,0,0,0,0,0,0
router_31,idle_time,port1,Accumulator,500000000,0,500000000,250000000000000000,1,500000000,500000000,0,0,0,0
router_31,width_adj_count,port1,Accumulator,500000000,0,0,0,0,0,0,0,0,0,0
router_31,send_bit_count,port2,Accumulator,500000000,0,0,0,0,0,0,0,0,0,0
router_31,send_packet_count,port2,Accumulator,500000000,0,0,0,0,0,0,0,0,0,0
router_31,output_port_stalls,port2,Accumulator,500000000,0,0,0,0,0,0,0,0,0,0
router_31,idle_time,port2,Accumulator,500000000,0,500000000,250000000000000000,1,500000000,500000000,0,0,0,0
router_31,width_adj_count,port2,Accumulator,500000000,0,0,0,0,0,0,0,0,0,0
router_31,send_bit_count,port3,Accumulator,500000000,0,0,0,0,0,0,0,0,0,0
router_31,send_packet_count,port3,Accumulator,500000000,0,0,0,0,0,0,0,0,0,0
router_31,output_port_stalls,port3,Accumulator,500000000,0,0,0,0,0,0,0,0,0,0
router_31,idle_time,port3,Accumulator,500000000,0,500000000,250000000000000000,1,500000000,500000000,0,0,0,0
router_31,width_adj_count,port3,Accumulator,500000000,0,0,0,0,0,0,0,0,0,0
router_31,send_bit_count,port4,Accumulator,500000000,0,0,0,0,0,0,0,0,0,0
router_31,send_packet_count,port4,Accumulator,500000000,0,0,0,0,0,0,0,0,0,0
router_31,output_port_stalls,port4,Accumulator,500000000,0,0,0,0,0,0,0,0,0,0
router_31,idle_time,port4,Accumulator,500000000,0,500000000,250000000000000000,1,500000000,500000000,0,0,0,0
router_31,width_adj_count,port4,Accumulator,500000000,0,0,0,0,0,0,0,0,0,0
router_31,xbar_stalls,port0,Accumulator,500000000,0,0,0,0,0,0,0,0,0,0
router_31,xbar_stalls,port1,Accumulator,500000000,0,0,0,0,0,0,0,0,0,0
router_31,xbar_stalls,port2,Accumulator,500000000,0,0,0,0,0,0,0,0,0,0
router_31,xbar_stalls,port3,Accumulator,500000000,0,0,0,0,0,0,0,0,0,0
router_31,xbar_stalls,port4,Accumulator,500000000,0,0,0,0,0,0,0,0,0,0
router_32,send_bit_count,port0,Accumulator,500000000,0,0,0,0,0,0,0,0,0,0
router_32,send_packet_count,port0,Accumulator,500000000,0,0,0,0,0,0,0,0,0,0
router_32,output_port_stalls,port0,Accumulator,500000000,0,0,0,0,0,0,0,0,0,0
router_32,idle_time,port0,Accumulator,500000000,0,500000000,250000000000000000,1,500000000,500000000,0,0,0,0
router_32,width_adj_count,port0,Accumulator,500000000,0,0,0,0,0,0,0,0,0,0
router_32,send_bit_count,port2,Accumulator,500000000,0,0,0,0,0,0,0,0,0,0
router_32,send_packet_count,port2,Accumulator,500000000,0,0,0,0,0,0,0,0,0,0
router_32,output_port_stalls,port2,Accumulator,500000000,0,0,0,0,0,0,0,0,0,0
router_32,idle_time,port2,Accumulator,500000000,0,500000000,250000000000000000,1,500000000,500000000,0,0,0,0
router_32,width_adj_count,port2,Accumulator,500000000,0,0,0,0,0,0,0,0,0,0
router_32,send_bit_count,port3,Accumulator,500000000,0,0,0,0,0,0,0,0,0,0
router_32,send_packet_count,port3,Accumulator,500000000,0,0,0,0,0,0,0,0,0,0
router_32,output_port_stalls,port3,Accumulator,500000000,0,0,0,0,0,0,0,0,0,0
router_32,idle_time,port3,Accumulator,500000000,0,500000000,250000000000000000,1,500000000,500000000,0,0,0,0
router_32,width_adj_count,port3,Accumulator,500000000,0,0,0,0,0,0,0,0,0,0
router_32,send_bit_count,port4,Accumulator,500000000,0,0,0,0,0,0,0,0,0,0
router_32,send_packet_count,port4,Accumulator,500000000,0,0,0,0,0,0,0,0,0,0
router_32,output_port_stalls,port4,Accumulator,500000000,0,0,0,0,0,0,0,0,0,0
router_32,idle_time,port4,Accumulator,500000000,0,500000000,250000000000000000,1,500000000,500000000,0,0,0,0
router_32,width_adj_count,port4,Accumulator,500000000,0,0,0,0,0,0,0,0,0,0
router_32,xbar_stalls,port0,Accumulator,500000000,0,0,0,0,0,0,0,0,0,0
router_32,xbar_stalls,port1,Accumulator,500000000,0,0,0,0,0,0,0,0,0,0
router_32,xbar_stalls,port2,Accumulator,500000000,0,0,0,0,0,0,0,0,0,0
router_32,xbar_stalls,port3,Accumulator,500000000,0,0,0,0,0,0,0,0,0,0
router_32,xbar_stalls,port4,Accumulator,500000000,0,0,0,0,0,0,0,0,0,0
router_33,send_bit_count,port0,Accumulator,500000000,0,0,0,0,0,0,0,0,0,0
router_33,send_packet_count,port0,Accumulator,500000000,0,0,0,0,0,0,0,0,0,0
router_33,output_port_stalls,port0,Accumulator,500000000,0,0,0,0,0,0,0,0,0,0
router_33,idle_time,port0,Accumulator,500000000,0,500000000,250000000000000000,1,500000000,500000000,0,0,0,0
router_33,width_adj_count,port0,Accumulator,500000000,0,0,0,0,0,0,0,0,0,0
router_33,send_bit_count,port1,Accumulator,500000000,0,0,0,0,0,0,0,0,0,0
router_33,send_packet_count,port1,Accumulator,500000000,0,0,0,0,0,0,0,0,0,0
router_33,output_port_stalls,port1,Accumulator,500000000,0,0,0,0,0,0,0,0,0,0
router_33,idle_time,port1,Accumulator,500000000,0,500000000,250000000000000000,1,500000000,500000000,0,0,0,0
router_33,width_adj_count,port1,Accumulator,500000000,0,0,0,0,0,0,0,0,0,0
router_33,send_bit_count,port2,Accumulator,500000000,0,0,0,0,0,0,0,0,0,0
router_33,send_packet_count,port2,Accumulator,500000000,0,0,0,0,0,0,0,0,0,0
router_33,output_port_stalls,port2,Accumulator,500000000,0,0,0,0,0,0,0,0,0,0
router_33,idle_time,port2,Accumulator,500000000,0,500000000,250000000000000000,1,500000000,500000000,0,0,0,0
router_33,width_adj_count,port2,Accumulator,500000000,0,0,0,0,0,0,0,0,0,0
router_33,send_bit_count,port3,Accumulator,500000000,0,0,0,0,0,0,0,0,0,0
router_33,send_packet_count,port3,Accumulator,500000000,0,0,0,0,0,0,0,0,0,0
router_33,output_port_stalls,port3,Accumulator,500000000,0,0,0,0,0,0,0,0,0,0
router_33,idle_time,port3,Accumulator,500000000,0,500000000,250000000000000000,1,500000000,500000000,0,0,0,0
router_33,width_adj_count,port3,Accumulator,500000000,0,0,0,0,0,0,0,0,0,0
router_33,send_bit_count,port4,Accumulator,500000000,0,0,0,0,0,0,0,0,0,0
router_33,send_packet_count,port4,Accumulator,500000000,0,0,0,0,0,0,0,0,0,0
router_33,output_port_stalls,port4,Accumulator,500000000,0,0,0,0,0,0,0,0,0,0
router_33,idle_time,port4,Accumulator,500000000,0,500000000,250000000000000000,1,500000000,500000000,0,0,0,0
router_33,width_adj_count,port4,Accumulator,500000000,0,0,0,0,0,0,0,0,0,0
router_33,xbar_stalls,port0,Accumulator,500000000,0,0,0,0,0,0,0,0,0,0
router_33,xbar_stalls,port1,Accumulator,500000000,0,0,0,0,0,0,0,0,0,0
router_33,xbar_stalls,port2,Accumulator,500000000,0,0,0,0,0,0,0,0,0,0
router_33,xbar_stalls,port3,Accumulator,500000000,0,0,0,0,0,0,0,0,0,0
router_33,xbar_stalls,port4,Accumulator,500000000,0,0,0,0,0,0,0,0,0,0
router_34,send_bit_count,port0,Accumulator,500000000,0,0,0,0,0,0,0,0,0,0
router_34,send_packet_count,port0,Accumulator,500000000,0,0,0,0,0,0,0,0,0,0
router_34,output_port_stalls,port0,Accumulator,500000000,0,0,0,0,0,0,0,0,0,0
router_34,idle_time,port0,Accumulator,500000000,0,500000000,250000000000000000,1,500000000,500000000,0,0,0,0
router_34,width_adj_count,port0,Accumulator,500000000,0,0,0,0,0,0,0,0,0,0
router_34,send_bit_count,port1,Accumulator,500000000,0,0,0,0,0,0,0,0,0,0
router_34,send_packet_count,port1,Accumulator,500000000,0,0,0,0,0,0,0,0,0,0
router_34,output_port_stalls,port1,Accumulator,500000000,0,0,0,0,0,0,0,0,0,0
router_34,idle_time,port1,Accumulator,500000000,0,500000000,250000000000000000,1,500000000,500000000,0,0,0,0
router_34,width_adj_count,port1,Accumulator,500000000,0,0,0,0,0,0,0,0,0,0
router_34,send_bit_count,port2,Accumulator,500000000,0,0,0,0,0,0,0,0,0,0
router_34,send_packet_count,port2,Accumulator,500000000,0,0,0,0,0,0,0,0,0,0
router_34,output_port_stalls,port2,Accumulator,500000000,0,0,0,0,0,0,0,0,0,0
router_34,idle_time,port2,Accumulator,500000000,0,500000000,250000000000000000,1,500000000,500000000,0,0,0,0
router_34,width_adj_count,port2,Accumulator,500000000,0,0,0,0,0,0,0,0,0,0
router_34,send_bit_count,port3,Accumulator,500000000,0,0,0,0,0,0,0,0,0,0
router_34,send_packet_count,port3,Accumulator,500000000,0,0,0,0,0,0,0,0,0,0
router_34,output_port_stalls,port3,Accumulator,500000000,0,0,0,0,0,0,0,0,0,0
router_34,idle_time,port3,Accumulator,500000000,0,500000000,250000000000000000,1,500000000,500000000,0,0,0,0
router_34,width_adj_count,port3,Accumulator,500000000,0,0,0,0,0,0,0,0,0,0
router_34,send_bit_count,port4,Accumulator,500000000,0,0,0,0,0,0,0,0,0,0
router_34,send_packet_count,port4,Accumulator,500000000,0,0,0,0,0,0,0,0,0,0
router_34,output_port_stalls,port4,Accumulator,500000000,0,0,0,0,0,0,0,0,0,0
router_34,idle_time,port4,Accumulator,500000000,0,500000000,250000000000000000,1,500000000,500000000,0,0,0,0
router_34,width_adj_count,port4,Accumulator,500000000,0,0,0,0,0,0,0,0,0,0
router_34,xbar_stalls,port0,Accumulator,500000000,0,0,0,0,0,0,0,0,0,0
router_34,xbar_stalls,port1,Accumulator,500000000,0,0,0,0,0,0,0,0,0,0
router_34,xbar_stalls,port2,Accumulator,500000000,0,0,0,0,0,0,0,0,0,0
router_34,xbar_stalls,port3,Accumulator,500000000,0,0,0,0,0,0,0,0,0,0
router_34,xbar_stalls,port4,Accumulator,500000000,0,0,0,0,0,0,0,0,0,0
router_35,send_bit_count,port0,Accumulator,500000000,0,0,0,0,0,0,0,0,0,0
router_35,send_packet_count,port0,Accumulator,500000000,0,0,0,0,0,0,0,0,0,0
router_35,output_port_stalls,port0,Accumulator,500000000,0,0,0,0,0,0,0,0,0,0
router_35,idle_time,port0,Accumulator,500000000,0,500000000,250000000000000000,1,500000000,500000000,0,0,0,0
router_35,width_adj_count,port0,Accumulator,500000000,0,0,0,0,0,0,0,0,0,0
router_35,send_bit_count,port1,Accumulator,500000000,0,0,0,0,0,0,0,0,0,0
router_35,send_packet_count,port1,Accumulator,500000000,0,0,0,0,0,0,0,0,0,0
router_35,output_port_stalls,port1,Accumulator,500000000,0,0,0,0,0,0,0,0,0,0
router_35,idle_time,port1,Accumulator,500000000,0,500000000,250000000000000000,1,500000000,500000000,0,0,0,0
router_35,width_adj_count,port1,Accumulator,500000000,0,0,0,0,0,0,0,0,0,0
router_35,send_bit_count,port2,Accumulator,500000000,0,0,0,0,0,0,0,0,0,0
router_35,send_packet_count,port2,Accumulator,500000000,0,0,0,0,0,0,0,0,0,0
router_35,output_port_stalls,port2,Accumulator,500000000,0,0,0,0,0,0,0,0,0,0
router_35,idle_time,port2,Accumulator,500000000,0,500000000,250000000000000000,1,500000000,500000000,0,0,0,0
router_35,width_adj_count,port2,Accumulator,500000000,0,0,0,0,0,0,0,0,0,0
router_35,send_bit_count,port3,Accumulator,500000000,0,0,0,0,0,0,0,0,0,0
router_35,send_packet_count,port3,Accumulator,500000000,0,0,0,0,0,0,0,0,0,0
router_35,output_port_stalls,port3,Accumulator,500000000,0,0,0,0,0,0,0,0,0,0
router_35,idle_time,port3,Accumulator,500000000,0,500000000,250000000000000000,1,500000000,500000000,0,0,0,0
router_35,width_adj_count,port3,Accumulator,500000000,0,0,0,0,0,0,0,0,0,0
router_35,send_bit_count,port4,Accumulator,500000000,0,0,0,0,0,0,0,0,0,0
router_35,send_packet_count,port4,Accumulator,500000000,0,0,0,0,0,0,0,0,0,0
router_35,output_port_stalls,port4,Accumulator,500000000,0,0,0,0,0,0,0,0,0,0
router_35,idle_time,port4,Accumulator,500000000,0,500000000,250000000000000000,1,500000000,500000000,0,0,0,0
router_35,width_adj_count,port4,Accumulator,500000000,0,0,0,0,0,0,0,0,0,0
router_35,xbar_stalls,port0,Accumulator,500000000,0,0,0,0,0,0,0,0,0,0
router_35,xbar_stalls,port1,Accumulator,500000000,0,0,0,0,0,0,0,0,0,0
router_35,xbar_stalls,port2,Accumulator,500000000,0,0,0,0,0,0,0,0,0,0
router_35,xbar_stalls,port3,Accumulator,500000000,0,0,0,0,0,0,0,0,0,0
router_35,xbar_stalls,port4,Accumulator,500000000,0,0,0,0,0,0,0,0,0,0
router_36,send_bit_count,port0,Accumulator,500000000,0,0,0,0,0,0,0,0,0,0
router_36,send_packet_count,port0,Accumulator,500000000,0,0,0,0,0,0,0,0,0,0
router_36,output_port_stalls,port0,Accumulator,500000000,0,0,0,0,0,0,0,0,0,0
router_36,idle_time,port0,Accumulator,500000000,0,500000000,250000000000000000,1,500000000,500000000,0,0,0,0
router_36,width_adj_count,port0,Accumulator,500000000,0,0,0,0,0,0,0,0,0,0
router_36,send_bit_count,port1,Accumulator,500000000,0,0,0,0,0,0,0,0,0,0
router_36,send_packet_count,port1,Accumulator,500000000,0,0,0,0,0,0,0,0,0,0
router_36,output_port_stalls,port1,Accumulator,500000000,0,0,0,0,0,0,0,0,0,0
router_36,idle_time,port1,Accumulator,500000000,0,500000000,250000000000000000,1,500000000,500000000,0,0,0,0
router_36,width_adj_count,port1,Accumulator,500000000,0,0,0,0,0,0,0,0,0,0
router_36,send_bit_count,port2,Accumulator,500000000,0,0,0,0,0,0,0,0,0,0
router_36,send_packet_count,port2,Accumulator,500000000,0,0,0,0,0,0,0,0,0,0
router_36,output_port_stalls,port2,Accumulator,500000000,0,0,0,0,0,0,0,0,0,0
router_36,idle_time,port2,Accumulator,500000000,0,500000000,250000000000000000,1,500000000,500000000,0,0,0,0
router_36,width_adj_count,port2,Accumulator,500000000,0,0,0,0,0,0,0,0,0,0
router_36,send_bit_count,port3,Accumulator,500000000,0,0,0,0,0,0,0,0,0,0
router_36,send_packet_count,port3,Accumulator,500000000,0,0,0,0,0,0,0,0,0,0
router_36,output_port_stalls,port3,Accumulator,500000000,0,0,0,0,0,0,0,0,0,0
router_36,idle_time,port3,Accumulator,500000000,0,500000000,250000000000000000,1,500000000,500000000,0,0,0,0
router_36,width_adj_count,port3,Accumulator,500000000,0,0,0,0,0,0,0,0,0,0
router_36,send_bit_count,port4,Accumulator,500000000,0,0,0,0,0,0,0,0,0,0
router_36,send_packet_count,port4,Accumulator,500000000,0,0,0,0,0,0,0,0,0,0
router_36,output_port_stalls,port4,Accumulator,500000000,0,0,0,0,0,0,0,0,0,0
router_36,idle_time,port4,Accumulator,500000000,0,500000000,250000000000000000,1,500000000,500000000,0,0,0,0
router_36,width_adj_count,port4,Accumulator,500000000,0,0,0,0,0,0,0,0,0,0
router_36,xbar_stalls,port0,Accumulator,500000000,0,0,0,0,0,0,0,0,0,0
router_36,xbar_stalls,port1,Accumulator,500000000,0,0,0,0,0,0,0,0,0,0
router_36,xbar_stalls,port2,Accumulator,500000000,0,0,0,0,0,0,0,0,0,0
router_36,xbar_stalls,port3,Accumulator,500000000,0,0,0,0,0,0,0,0,0,0
router_36,xbar_stalls,port4,Accumulator,500000000,0,0,0,0,0,0,0,0,0,0
router_37,send_bit_count,port0,Accumulator,500000000,0,0,0,0,0,0,0,0,0,0
router_37,send_packet_count,port0,Accumulator,500000000,0,0,0,0,0,0,0,0,0,0
router_37,output_port_stalls,port0,Accumulator,500000000,0,0,0,0,0,0,0,0,0,0
router_37,idle_time,port0,Accumulator,500000000,0,500000000,250000000000000000,1,500000000,500000000,0,0,0,0
router_37,width_adj_count,port0,Accumulator,500000000,0,0,0,0,0,0,0,0,0,0
router_37,send_bit_count,port1,Accumulator,500000000,0,0,0,0,0,0,0,0,0,0
router_37,send_packet_count,port1,Accumulator,500000000,0,0,0,0,0,0,0,0,0,0
router_37,output_port_stalls,port1,Accumulator,500000000,0,0,0,0,0,0,0,0,0,0
router_37,idle_time,port1,Accumulator,500000000,0,500000000,250000000000000000,1,500000000,500000000,0,0,0,0
router_37,width_adj_count,port1,Accumulator,500000000,0,0,0,0,0,0,0,0,0,0
router_37,send_bit_count,port2,Accumulator,500000000,0,0,0,0,0,0,0,0,0,0
router_37,send_packet_count,port2,Accumulator,500000000,0,0,0,0,0,0,0,0,0,0
router_37,output_port_stalls,port2,Accumulator,500000000,0,0,0,0,0,0,0,0,0,0
router_37,idle_time,port2,Accumulator,500000000,0,500000000,250000000000000000,1,500000000,500000000,0,0,0,0
router_37,width_adj_count,port2,Accumulator,500000000,0,0,0,0,0,0,0,0,0,0
router_37,send_bit_count,port3,Accumulator,500000000,0,0,0,0,0,0,0,0,0,0
router_37,send_packet_count,port3,Accumulator,500000000,0,0,0,0,0,0,0,0,0,0
router_37,output_port_stalls,port3,Accumulator,500000000,0,0,0,0,0,0,0,0,0,0
router_37,idle_time,port3,Accumulator,500000000,0,500000000,250000000000000000,1,500000000,500000000,0,0,0,0
router_37,width_adj_count,port3,Accumulator,500000000,0,0,0,0,0,0,0,0,0,0
router_37,send_bit_count,port4,Accumulator,500000000,0,0,0,0,0,0,0,0,0,0
router_37,send_packet_count,port4,Accumulator,500000000,0,0,0,0,0,0,0,0,0,0
router_37,output_port_stalls,port4,Accumulator,500000000,0,0,0,0,0,0,0,0,0,0
router_37,idle_time,port4,Accumulator,500000000,0,500000000,250000000000000000,1,500000000,500000000,0,0,0,0
router_37,width_adj_count,port4,Accumulator,500000000,0,0,0,0,0,0,0,0,0,0
router_37,xbar_stalls,port0,Accumulator,500000000,0,0,0,0,0,0,0,0,0,0
router_37,xbar_stalls,port1,Accumulator,500000000,0,0,0,0,0,0,0,0,0,0
router_37,xbar_stalls,port2,Accumulator,500000000,0,0,0,0,0,0,0,0,0,0
router_37,xbar_stalls,port3,Accumulator,500000000,0,0,0,0,0,0,0,0,0,0
router_37,xbar_stalls,port4,Accumulator,500000000,0,0,0,0,0,0,0,0,0,0
router_38,send_bit_count,port0,Accumulator,500000000,0,0,0,0,0,0,0,0,0,0
router_38,send_packet_count,port0,Accumulator,500000000,0,0,0,0,0,0,0,0,0,0
router_38,output_port_stalls,port0,Accumulator,500000000,0,0,0,0,0,0,0,0,0,0
router_38,idle_time,port0,Accumulator,500000000,0,500000000,250000000000000000,1,500000000,500000000,0,0,0,0
router_38,width_adj_count,port0,Accumulator,500000000,0,0,0,0,0,0,0,0,0,0
router_38,send_bit_count,port1,Accumulator,500000000,0,0,0,0,0,0,0,0,0,0
router_38,send_packet_count,port1,Accumulator,500000000,0,0,0,0,0,0,0,0,0,0
router_38,output_port_stalls,port1,Accumulator,500000000,0,0,0,0,0,0,0,0,0,0
router_38,idle_time,port1,Accumulator,500000000,0,500000000,250000000000000000,1,500000000,500000000,0,0,0,0
router_38,width_adj_count,port1,Accumulator,500000000,0,0,0,0,0,0,0,0,0,0
router_38,send_bit_count,port2,Accumulator,500000000,0,0,0,0,0,0,0,0,0,0
router_38,send_packet_count,port2,Accumulator,500000000,0,0,0,0,0,0,0,0,0,0
router_38,output_port_stalls,port2,Accumulator,500000000,0,0,0,0,0,0,0,0,0,0
router_38,idle_time,port2,Accumulator,500000000,0,500000000,250000000000000000,1,500000000,500000000,0,0,0,0
router_38,width_adj_count,port2,Accumulator,500000000,0,0,0,0,0,0,0,0,0,0
router_38,send_bit_count,port3,Accumulator,500000000,0,0,0,0,0,0,0,0,0,0
router_38,send_packet_count,port3,Accumulator,500000000,0,0,0,0,0,0,0,0,0,0
router_38,output_port_stalls,port3,Accumulator,500000000,0,0,0,0,0,0,0,0,0,0
router_38,idle_time,port3,Accumulator,500000000,0,500000000,250000000000000000,1,500000000,500000000,0,0,0,0
router_38,width_adj_count,port3,Accumulator,500000000,0,0,0,0,0,0,0,0,0,0
router_38,send_bit_count,port4,Accumulator,500000000,0,0,0,0,0,0,0,0,0,0
router_38,send_packet_count,port4,Accumulator,500000000,0,0,0,0,0,0,0,0,0,0
router_38,output_port_stalls,port4,Accumulator,500000000,0,0,0,0,0,0,0,0,0,0
router_38,idle_time,port4,Accumulator,500000000,0,500000000,250000000000000000,1,500000000,500000000,0,0,0,0
router_38,width_adj_count,port4,Accumulator,500000000,0,0,0,0,0,0,0,0,0,0
router_38,xbar_stalls,port0,Accumulator,500000000,0,0,0,0,0,0,0,0,0,0
router_38,xbar_stalls,port1,Accumulator,500000000,0,0,0,0,0,0,0,0,0,0
router_38,xbar_stalls,port2,Accumulator,500000000,0,0,0,0,0,0,0,0,0,0
router_38,xbar_stalls,port3,Accumulator,500000000,0,0,0,0,0,0,0,0,0,0
router_38,xbar_stalls,port4,Accumulator,500000000,0,0,0,0,0,0,0,0,0,0
router_39,send_bit_count,port1,Accumulator,500000000,0,0,0,0,0,0,0,0,0,0
router_39,send_packet_count,port1,Accumulator,500000000,0,0,0,0,0,0,0,0,0,0
router_39,output_port_stalls,port1,Accumulator,500000000,0,0,0,0,0,0,0,0,0,0
router_39,idle_time,port1,Accumulator,500000000,0,500000000,250000000000000000,1,500000000,500000000,0,0,0,0
router_39,width_adj_count,port1,Accumulator,500000000,0,0,0,0,0,0,0,0,0,0
router_39,send_bit_count,port2,Accumulator,500000000,0,0,0,0,0,0,0,0,0,0
router_39,send_packet_count,port2,Accumulator,500000000,0,0,0,0,0,0,0,0,0,0
router_39,output_port_stalls,port2,Accumulator,500000000,0,0,0,0,0,0,0,0,0,0
router_39,idle_time,port2,Accumulator,500000000,0,500000000,250000000000000000,1,500000000,500000000,0,0,0,0
router_39,width_adj_count,port2,Accumulator,500000000,0,0,0,0,0,0,0,0,0,0
router_39,send_bit_count,port3,Accumulator,500000000,0,0,0,0,0,0,0,0,0,0
router_39,send_packet_count,port3,Accumulator,500000000,0,0,0,0,0,0,0,0,0,0
router_39,output_port_stalls,port3,Accumulator,500000000,0,0,0,0,0,0,0,0,0,0
router_39,idle_time,port3,Accumulator,500000000,0,500000000,250000000000000000,1,500000000,500000000,0,0,0,0
router_39,width_adj_count,port3,Accumulator,500000000,0,0,0,0,0,0,0,0,0,0
router_39,send_bit_count,port4,Accumulator,500000000,0,0,0,0,0,0,0,0,0,0
router_39,send_packet_count,port4,Accumulator,500000000,0,0,0,0,0,0,0,0,0,0
router_39,output_port_stalls,port4,Accumulator,500000000,0,0,0,0,0,0,0,0,0,0
router_39,idle_time,port4,Accumulator,500000000,0,500000000,250000000000000000,1,500000000,500000000,0,0,0,0
router_39,width_adj_count,port4,Accumulator,500000000,0,0,0,0,0,0,0,0,0,0
router_39,xbar_stalls,port0,Accumulator,500000000,0,0,0,0,0,0,0,0,0,0
router_39,xbar_stalls,port1,Accumulator,500000000,0,0,0,0,0,0,0,0,0,0
router_39,xbar_stalls,port2,Accumulator,500000000,0,0,0,0,0,0,0,0,0,0
router_39,xbar_stalls,port3,Accumulator,500000000,0,0,0,0,0,0,0,0,0,0
router_39,xbar_stalls,port4,Accumulator,500000000,0,0,0,0,0,0,0,0,0,0
router_40,send_bit_count,port0,Accumulator,500000000,0,0,0,0,0,0,0,0,0,0
router_40,send_packet_count,port0,Accumulator,500000000,0,0,0,0,0,0,0,0,0,0
router_40,output_port_stalls,port0,Accumulator,500000000,0,0,0,0,0,0,0,0,0,0
router_40,idle_time,port0,Accumulator,500000000,0,500000000,250000000000000000,1,500000000,500000000,0,0,0,0
router_40,width_adj_count,port0,Accumulator,500000000,0,0,0,0,0,0,0,0,0,0
router_40,send_bit_count,port2,Accumulator,500000000,0,0,0,0,0,0,0,0,0,0
router_40,send_packet_count,port2,Accumulator,500000000,0,0,0,0,0,0,0,0,0,0
router_40,output_port_stalls,port2,Accumulator,500000000,0,0,0,0,0,0,0,0,0,0
router_40,idle_time,port2,Accumulator,500000000,0,500000000,250000000000000000,1,500000000,500000000,0,0,0,0
router_40,width_adj_count,port2,Accumulator,500000000,0,0,0,0,0,0,0,0,0,0
router_40,send_bit_count,port3,Accumulator,500000000,0,0,0,0,0,0,0,0,0,0
router_40,send_packet_count,port3,Accumulator,500000000,0,0,0,0,0,0,0,0,0,0
router_40,output_port_stalls,port3,Accumulator,500000000,0,0,0,0,0,0,0,0,0,0
router_40,idle_time,port3,Accumulator,500000000,0,500000000,250000000000000000,1,500000000,500000000,0,0,0,0
router_40,width_adj_count,port3,Accumulator,500000000,0,0,0,0,0,0,0,0,0,0
router_40,send_bit_count,port4,Accumulator,500000000,0,0,0,0,0,0,0,0,0,0
router_40,send_packet_count,port4,Accumulator,500000000,0,0,0,0,0,0,0,0,0,0
router_40,output_port_stalls,port4,Accumulator,500000000,0,0,0,0,0,0,0,0,0,0
router_40,idle_time,port4,Accumulator,500000000,0,500000000,250000000000000000,1,500000000,500000000,0,0,0,0
router_40,width_adj_count,port4,Accumulator,500000000,0,0,0,0,0,0,0,0,0,0
router_40,xbar_stalls,port0,Accumulator,500000000,0,0,0,0,0,0,0,0,0,0
router_40,xbar_stalls,port1,Accumulator,500000000,0,0,0,0,0,0,0,0,0,0
router_40,xbar_stalls,port2,Accumulator,500000000,0,0,0,0,0,0,0,0,0,0
router_40,xbar_stalls,port3,Accumulator,500000000,0,0,0,0,0,0,0,0,0,0
router_40,xbar_stalls,port4,Accumulator,500000000,0,0,0,0,0,0,0,0,0,0
router_41,send_bit_count,port0,Accumulator,500000000,0,0,0,0,0,0,0,0,0,0
router_41,send_packet_count,port0,Accumulator,500000000,0,0,0,0,0,0,0,0,0,0
router_41,output_port_stalls,port0,Accumulator,500000000,0,0,0,0,0,0,0,0,0,0
router_41,idle_time,port0,Accumulator,500000000,0,500000000,250000000000000000,1,500000000,500000000,0,0,0,0
router_41,width_adj_count,port0,Accumulator,500000000,0,0,0,0,0,0,0,0,0,0
router_41,send_bit_count,port1,Accumulator,500000000,0,0,0,0,0,0,0,0,0,0
router_41,send_packet_count,port1,Accumulator,500000000,0,0,0,0,0,0,0,0,0,0
router_41,output_port_stalls,port1,Accumulator,500000000,0,0,0,0,0,0,0,0,0,0
router_41,idle_time,port1,Accumulator,500000000,0,500000000,250000000000000000,1,500000000,500000000,0,0,0,0
router_41,width_adj_count,port1,Accumulator,500000000,0,0,0,0,0,0,0,0,0,0
router_41,send_bit_count,port2,Accumulator,500000000,0,0,0,0,0,0,0,0,0,0
router_41,send_packet_count,port2,Accumulator,500000000,0,0,0,0,0,0,0,0,0,0
router_41,output_port_stalls,port2,Accumulator,500000000,0,0,0,0,0,0,0,0,0,0
router_41,idle_time,port2,Accumulator,500000000,0,500000000,250000000000000000,1,500000000,500000000,0,0,0,0
router_41,width_adj_count,port2,Accumulator,500000000,0,0,0,0,0,0,0,0,0,0
router_41,send_bit_count,port3,Accumulator,500000000,0,0,0,0,0,0,0,0,0,0
router_41,send_packet_count,port3,Accumulator,500000000,0,0,0,0,0,0,0,0,0,0
router_41,output_port_stalls,port3,Accumulator,500000000,0,0,0,0,0,0,0,0,0,0
router_41,idle_time,port3,Accumulator,500000000,0,500000000,250000000000000000,1,500000000,500000000,0,0,0,0
router_41,width_adj_count,port3,Accumulator,500000000,0,0,0,0,0,0,0,0,0,0
router_41,send_bit_count,port4,Accumulator,500000000,0,0,0,0,0,0,0,0,0,0
router_41,send_packet_count,port4,Accumulator,500000000,0,0,0,0,0,0,0,0,0,0
router_41,output_port_stalls,port4,Accumulator,500000000,0,0,0,0,0,0,0,0,0,0
router_41,idle_time,port4,Accumulator,500000000,0,500000000,250000000000000000,1,500000000,500000000,0,0,0,0
router_41,width_adj_count,port4,Accumulator,500000000,0,0,0,0,0,0,0,0,0,0
router_41,xbar_stalls,port0,Accumulator,500000000,0,0,0,0,0,0,0,0,0,0
router_41,xbar_stalls,port1,Accumulator,500000000,0,0,0,0,0,0,0,0,0,0
router_41,xbar_stalls,port2,Accumulator,500000000,0,0,0,0,0,0,0,0,0,0
router_41,xbar_stalls,port3,Accumulator,500000000,0,0,0,0,0,0,0,0,0,0
router_41,xbar_stalls,port4,Accumulator,500000000,0,0,0,0,0,0,0,0,0,0
router_42,send_bit_count,port0,Accumulator,500000000,0,0,0,0,0,0,0,0,0,0
router_42,send_packet_count,port0,Accumulator,500000000,0,0,0,0,0,0,0,0,0,0
router_42,output_port_stalls,port0,Accumulator,500000000,0,0,0,0,0,0,0,0,0,0
router_42,idle_time,port0,Accumulator,500000000,0,500000000,250000000000000000,1,500000000,500000000,0,0,0,0
router_42,width_adj_count,port0,Accumulator,500000000,0,0,0,0,0,0,0,0,0,0
router_42,send_bit_count,port1,Accumulator,500000000,0,0,0,0,0,0,0,0,0,0
router_42,send_packet_count,port1,Accumulator,500000000,0,0,0,0,0,0,0,0,0,0
router_42,output_port_stalls,port1,Accumulator,500000000,0,0,0,0,0,0,0,0,0,0
router_42,idle_time,port1,Accumulator,500000000,0,500000000,250000000000000000,1,500000000,500000000,0,0,0,0
router_42,width_adj_count,port1,Accumulator,500000000,0,0,0,0,0,0,0,0,0,0
router_42,send_bit_count,port2,Accumulator,500000000,0,0,0,0,0,0,0,0,0,0
router_42,send_packet_count,port2,Accumulator,500000000,0,0,0,0,0,0,0,0,0,0
router_42,output_port_stalls,port2,Accumulator,500000000,0,0,0,0,0,0,0,0,0,0
router_42,idle_time,port2,Accumulator,500000000,0,500000000,250000000000000000,1,500000000,500000000,0,0,0,0
router_42,width_adj_count,port2,Accumulator,500000000,0,0,0,0,0,0,0,0,0,0
router_42,send_bit_count,port3,Accumulator,500000000,0,0,0,0,0,0,0,0,0,0
router_42,send_packet_count,port3,Accumulator,500000000,0,0,0,0,0,0,0,0,0,0
router_42,output_port_stalls,port3,Accumulator,500000000,0,0,0,0,0,0,0,0,0,0
router_42,idle_time,port3,Accumulator,500000000,0,500000000,250000000000000000,1,500000000,500000000,0,0,0,0
router_42,width_adj_count,port3,Accumulator,500000000,0,0,0,0,0,0,0,0,0,0
router_42,send_bit_count,port4,Accumulator,500000000,0,0,0,0,0,0,0,0,0,0
router_42,send_packet_count,port4,Accumulator,500000000,0,0,0,0,0,0,0,0,0,0
router_42,output_port_stalls,port4,Accumulator,500000000,0,0,0,0,0,0,0,0,0,0
router_42,idle_time,port4,Accumulator,500000000,0,500000000,250000000000000000,1,500000000,500000000,0,0,0,0
router_42,width_adj_count,port4,Accumulator,500000000,0,0,0,0,0,0,0,0,0,0
router_42,xbar_stalls,port0,Accumulator,500000000,0,0,0,0,0,0,0,0,0,0
router_42,xbar_stalls,port1,Accumulator,500000000,0,0,0,0,0,0,0,0,0,0
router_42,xbar_stalls,port2,Accumulator,500000000,0,0,0,0,0,0,0,0,0,0
router_42,xbar_stalls,port3,Accumulator,500000000,0,0,0,0,0,0,0,0,0,0
router_42,xbar_stalls,port4,Accumulator,500000000,0,0,0,0,0,0,0,0,0,0
router_43,send_bit_count,port0,Accumulator,500000000,0,0,0,0,0,0,0,0,0,0
router_43,send_packet_count,port0,Accumulator,500000000,0,0,0,0,0,0,0,0,0,0
router_43,output_port_stalls,port0,Accumulator,500000000,0,0,0,0,0,0,0,0,0,0
router_43,idle_time,port0,Accumulator,500000000,0,500000000,250000000000000000,1,500000000,500000000,0,0,0,0
router_43,width_adj_count,port0,Accumulator,500000000,0,0,0,0,0,0,0,0,0,0
router_43,send_bit_count,port1,Accumulator,500000000,0,0,0,0,0,0,0,0,0,0
router_43,send_packet_count,port1,Accumulator,500000000,0,0,0,0,0,0,0,0,0,0
router_43,output_port_stalls,port1,Accumulator,500000000,0,0,0,0,0,0,0,0,0,0
router_43,idle_time,port1,Accumulator,500000000,0,500000000,250000000000000000,1,500000000,500000000,0,0,0,0
router_43,width_adj_count,port1,Accumulator,500000000,0,0,0,0,0,0,0,0,0,0
router_43,send_bit_count,port2,Accumulator,500000000,0,0,0,0,0,0,0,0,0,0
router_43,send_packet_count,port2,Accumulator,500000000,0,0,0,0,0,0,0,0,0,0
router_43,output_port_stalls,port2,Accumulator,500000000,0,0,0,0,0,0,0,0,0,0
router_43,idle_time,port2,Accumulator,500000000,0,500000000,250000000000000000,1,500000000,500000000,0,0,0,0
router_43,width_adj_count,port2,Accumulator,500000000,0,0,0,0,0,0,0,0,0,0
router_43,send_bit_count,port3,Accumulator,500000000,0,0,0,0,0,0,0,0,0,0
router_43,send_packet_count,port3,Accumulator,500000000,0,0,0,0,0,0,0,0,0,0
router_43,output_port_stalls,port3,Accumulator,500000000,0,0,0,0,0,0,0,0,0,0
router_43,idle_time,port3,Accumulator,500000000,0,500000000,250000000000000000,1,500000000,500000000,0,0,0,0
router_43,width_adj_count,port3,Accumulator,500000000,0,0,0,0,0,0,0,0,0,0
router_43,send_bit_count,port4,Accumulator,500000000,0,0,0,0,0,0,0,0,0,0
router_43,send_packet_count,port4,Accumulator,500000000,0,0,0,0,0,0,0,0,0,0
router_43,output_port_stalls,port4,Accumulator,500000000,0,0,0,0,0,0,0,0,0,0
router_43,idle_time,port4,Accumulator,500000000,0,500000000,250000000000000000,1,500000000,500000000,0,0,0,0
router_43,width_adj_count,port4,Accumulator,500000000,0,0,0,0,0,0,0,0,0,0
router_43,xbar_stalls,port0,Accumulator,500000000,0,0,0,0,0,0,0,0,0,0
router_43,xbar_stalls,port1,Accumulator,500000000,0,0,0,0,0,0,0,0,0,0
router_43,xbar_stalls,port2,Accumulator,500000000,0,0,0,0,0,0,0,0,0,0
router_43,xbar_stalls,port3,Accumulator,500000000,0,0,0,0,0,0,0,0,0,0
router_43,xbar_stalls,port4,Accumulator,500000000,0,0,0,0,0,0,0,0,0,0
router_44,send_bit_count,port0,Accumulator,500000000,0,0,0,0,0,0,0,0,0,0
router_44,send_packet_count,port0,Accumulator,500000000,0,0,0,0,0,0,0,0,0,0
router_44,output_port_stalls,port0,Accumulator,500000000,0,0,0,0,0,0,0,0,0,0
router_44,idle_time,port0,Accumulator,500000000,0,500000000,250000000000000000,1,500000000,500000000,0,0,0,0
router_44,width_adj_count,port0,Accumulator,500000000,0,0,0,0,0,0,0,0,0,0
router_44,send_bit_count,port1,Accumulator,500000000,0,0,0,0,0,0,0,0,0,0
router_44,send_packet_count,port1,Accumulator,500000000,0,0,0,0,0,0,0,0,0,0
router_44,output_port_stalls,port1,Accumulator,500000000,0,0,0,0,0,0,0,0,0,0
router_44,idle_time,port1,Accumulator,500000000,0,500000000,250000000000000000,1,500000000,500000000,0,0,0,0
router_44,width_adj_count,port1,Accumulator,500000000,0,0,0,0,0,0,0,0,0,0
router_44,send_bit_count,port2,Accumulator,500000000,0,0,0,0,0,0,0,0,0,0
router_44,send_packet_count,port2,Accumulator,500000000,0,0,0,0,0,0,0,0,0,0
router_44,output_port_stalls,port2,Accumulator,500000000,0,0,0,0,0,0,0,0,0,0
router_44,idle_time,port2,Accumulator,500000000,0,500000000,250000000000000000,1,500000000,500000000,0,0,0,0
router_44,width_adj_count,port2,Accumulator,500000000,0,0,0,0,0,0,0,0,0,0
router_44,send_bit_count,port3,Accumulator,500000000,0,0,0,0,0,0,0,0,0,0
router_44,send_packet_count,port3,Accumulator,500000000,0,0,0,0,0,0,0,0,0,0
router_44,output_port_stalls,port3,Accumulator,500000000,0,0,0,0,0,0,0,0,0,0
router_44,idle_time,port3,Accumulator,500000000,0,500000000,250000000000000000,1,500000000,500000000,0,0,0,0
router_44,width_adj_count,port3,Accumulator,500000000,0,0,0,0,0,0,0,0,0,0
router_44,send_bit_count,port4,Accumulator,500000000,0,0,0,0,0,0,0,0,0,0
router_44,send_packet_count,port4,Accumulator,500000000,0,0,0,0,0,0,0,0,0,0
router_44,output_port_stalls,port4,Accumulator,500000000,0,0,0,0,0,0,0,0,0,0
router_44,idle_time,port4,Accumulator,500000000,0,500000000,250000000000000000,1,500000000,500000000,0,0,0,0
router_44,width_adj_count,port4,Accumulator,500000000,0,0,0,0,0,0,0,0,0,0
router_44,xbar_stalls,port0,Accumulator,500000000,0,0,0,0,0,0,0,0,0,0
router_44,xbar_stalls,port1,Accumulator,500000000,0,0,0,0,0,0,0,0,0,0
router_44,xbar_stalls,port2,Accumulator,500000000,0,0,0,0,0,0,0,0,0,0
router_44,xbar_stalls,port3,Accumulator,500000000,0,0,0,0,0,0,0,0,0,0
router_44,xbar_stalls,port4,Accumulator,500000000,0,0,0,0,0,0,0,0,0,0
router_45,send_bit_count,port0,Accumulator,500000000,0,0,0,0,0,0,0,0,0,0
router_45,send_packet_count,port0,Accumulator,500000000,0,0,0,0,0,0,0,0,0,0
router_45,output_port_stalls,port0,Accumulator,500000000,0,0,0,0,0,0,0,0,0,0
router_45,idle_time,port0,Accumulator,500000000,0,500000000,250000000000000000,1,500000000,500000000,0,0,0,0
router_45,width_adj_count,port0,Accumulator,500000000,0,0,0,0,0,0,0,0,0,0
router_45,send_bit_count,port1,Accumulator,500000000,0,0,0,0,0,0,0,0,0,0
router_45,send_packet_count,port1,Accumulator,500000000,0,0,0,0,0,0,0,0,0,0
router_45,output_port_stalls,port1,Accumulator,500000000,0,0,0,0,0,0,0,0,0,0
router_45,idle_time,port1,Accumulator,500000000,0,500000000,250000000000000000,1,500000000,500000000,0,0,0,0
router_45,width_adj_count,port1,Accumulator,500000000,0,0,0,0,0,0,0,0,0,0
router_45,send_bit_count,port2,Accumulator,500000000,0,0,0,0,0,0,0,0,0,0
router_45,send_packet_count,port2,Accumulator,500000000,0,0,0,0,0,0,0,0,0,0
router_45,output_port_stalls,port2,Accumulator,500000000,0,0,0,0,0,0,0,0,0,0
router_45,idle_time,port2,Accumulator,500000000,0,500000000,250000000000000000,1,500000000,500000000,0,0,0,0
router_45,width_adj_count,port2,Accumulator,500000000,0,0,0,0,0,0,0,0,0,0
router_45,send_bit_count,port3,Accumulator,500000000,0,0,0,0,0,0,0,0,0,0
router_45,send_packet_count,port3,Accumulator,500000000,0,0,0,0,0,0,0,0,0,0
router_45,output_port_stalls,port3,Accumulator,500000000,0,0,0,0,0,0,0,0,0,0
router_45,idle_time,port3,Accumulator,500000000,0,500000000,250000000000000000,1,500000000,500000000,0,0,0,0
router_45,width_adj_count,port3,Accumulator,500000000,0,0,0,0,0,0,0,0,0,0
router_45,send_bit_count,port4,Accumulator,500000000,0,0,0,0,0,0,0,0,0,0
router_45,send_packet_count,port4,Accumulator,500000000,0,0,0,0,0,0,0,0,0,0
router_45,output_port_stalls,port4,Accumulator,500000000,0,0,0,0,0,0,0,0,0,0
router_45,idle_time,port4,Accumulator,500000000,0,500000000,250000000000000000,1,500000000,500000000,0,0,0,0
router_45,width_adj_count,port4,Accumulator,500000000,0,0,0,0,0,0,0,0,0,0
router_45,xbar_stalls,port0,Accumulator,500000000,0,0,0,0,0,0,0,0,0,0
router_45,xbar_stalls,port1,Accumulator,500000000,0,0,0,0,0,0,0,0,0,0
router_45,xbar_stalls,port2,Accumulator,500000000,0,0,0,0,0,0,0,0,0,0
router_45,xbar_stalls,port3,Accumulator,500000000,0,0,0,0,0,0,0,0,0,0
router_45,xbar_stalls,port4,Accumulator,500000000,0,0,0,0,0,0,0,0,0,0
router_46,send_bit_count,port0,Accumulator,500000000,0,0,0,0,0,0,0,0,0,0
router_46,send_packet_count,port0,Accumulator,500000000,0,0,0,0,0,0,0,0,0,0
router_46,output_port_stalls,port0,Accumulator,500000000,0,0,0,0,0,0,0,0,0,0
router_46,idle_time,port0,Accumulator,500000000,0,500000000,250000000000000000,1,500000000,500000000,0,0,0,0
router_46,width_adj_count,port0,Accumulator,500000000,0,0,0,0,0,0,0,0,0,0
router_46,send_bit_count,port1,Accumulator,500000000,0,0,0,0,0,0,0,0,0,0
router_46,send_packet_count,port1,Accumulator,500000000,0,0,0,0,0,0,0,0,0,0
router_46,output_port_stalls,port1,Accumulator,500000000,0,0,0,0,0,0,0,0,0,0
router_46,idle_time,port1,Accumulator,500000000,0,500000000,250000000000000000,1,500000000,500000000,0,0,0,0
router_46,width_adj_count,port1,Accumulator,500000000,0,0,0,0,0,0,0,0,0,0
router_46,send_bit_count,port2,Accumulator,500000000,0,0,0,0,0,0,0,0,0,0
router_46,send_packet_count,port2,Accumulator,500000000,0,0,0,0,0,0,0,0,0,0
router_46,output_port_stalls,port2,Accumulator,500000000,0,0,0,0,0,0,0,0,0,0
router_46,idle_time,port2,Accumulator,500000000,0,500000000,250000000000000000,1,500000000,500000000,0,0,0,0
router_46,width_adj_count,port2,Accumulator,500000000,0,0,0,0,0,0,0,0,0,0
router_46,send_bit_count,port3,Accumulator,500000000,0,0,0,0,0,0,0,0,0,0
router_46,send_packet_count,port3,Accumulator,500000000,0,0,0,0,0,0,0,0,0,0
router_46,output_port_stalls,port3,Accumulator,500000000,0,0,0,0,0,0,0,0,0,0
router_46,idle_time,port3,Accumulator,500000000,0,500000000,250000000000000000,1,500000000,500000000,0,0,0,0
router_46,width_adj_count,port3,Accumulator,500000000,0,0,0,0,0,0,0,0,0,0
router_46,send_bit_count,port4,Accumulator,500000000,0,0,0,0,0,0,0,0,0,0
router_46,send_packet_count,port4,Accumulator,500000000,0,0,0,0,0,0,0,0,0,0
router_46,output_port_stalls,port4,Accumulator,500000000,0,0,0,0,0,0,0,0,0,0
router_46,idle_time,port4,Accumulator,500000000,0,500000000,250000000000000000,1,500000000,500000000,0,0,0,0
router_46,width_adj_count,port4,Accumulator,500000000,0,0,0,0,0,0,0,0,0,0
router_46,xbar_stalls,port0,Accumulator,500000000,0,0,0,0,0,0,0,0,0,0
router_46,xbar_stalls,port1,Accumulator,500000000,0,0,0,0,0,0,0,0,0,0
router_46,xbar_stalls,port2,Accumulator,500000000,0,0,0,0,0,0,0,0,0,0
router_46,xbar_stalls,port3,Accumulator,500000000,0,0,0,0,0,0,0,0,0,0
router_46,xbar_stalls,port4,Accumulator,500000000,0,0,0,0,0,0,0,0,0,0
router_47,send_bit_count,port1,Accumulator,500000000,0,0,0,0,0,0,0,0,0,0
router_47,send_packet_count,port1,Accumulator,500000000,0,0,0,0,0,0,0,0,0,0
router_47,output_port_stalls,port1,Accumulator,500000000,0,0,0,0,0,0,0,0,0,0
router_47,idle_time,port1,Accumulator,500000000,0,500000000,250000000000000000,1,500000000,500000000,0,0,0,0
router_47,width_adj_count,port1,Accumulator,500000000,0,0,0,0,0,0,0,0,0,0
router_47,send_bit_count,port2,Accumulator,500000000,0,0,0,0,0,0,0,0,0,0
router_47,send_packet_count,port2,Accumulator,500000000,0,0,0,0,0,0,0,0,0,0
router_47,output_port_stalls,port2,Accumulator,500000000,0,0,0,0,0,0,0,0,0,0
router_47,idle_time,port2,Accumulator,500000000,0,500000000,250000000000000000,1,500000000,500000000,0,0,0,0
router_47,width_adj_count,port2,Accumulator,500000000,0,0,0,0,0,0,0,0,0,0
router_47,send_bit_count,port3,Accumulator,500000000,0,0,0,0,0,0,0,0,0,0
router_47,send_packet_count,port3,Accumulator,500000000,0,0,0,0,0,0,0,0,0,0
router_47,output_port_stalls,port3,Accumulator,500000000,0,0,0,0,0,0,0,0,0,0
router_47,idle_time,port3,Accumulator,500000000,0,500000000,250000000000000000,1,500000000,500000000,0,0,0,0
router_47,width_adj_count,port3,Accumulator,500000000,0,0,0,0,0,0,0,0,0,0
router_47,send_bit_count,port4,Accumulator,500000000,0,0,0,0,0,0,0,0,0,0
router_47,send_packet_count,port4,Accumulator,500000000,0,0,0,0,0,0,0,0,0,0
router_47,output_port_stalls,port4,Accumulator,500000000,0,0,0,0,0,0,0,0,0,0
router_47,idle_time,port4,Accumulator,500000000,0,500000000,250000000000000000,1,500000000,500000000,0,0,0,0
router_47,width_adj_count,port4,Accumulator,500000000,0,0,0,0,0,0,0,0,0,0
router_47,xbar_stalls,port0,Accumulator,500000000,0,0,0,0,0,0,0,0,0,0
router_47,xbar_stalls,port1,Accumulator,500000000,0,0,0,0,0,0,0,0,0,0
router_47,xbar_stalls,port2,Accumulator,500000000,0,0,0,0,0,0,0,0,0,0
router_47,xbar_stalls,port3,Accumulator,500000000,0,0,0,0,0,0,0,0,0,0
router_47,xbar_stalls,port4,Accumulator,500000000,0,0,0,0,0,0,0,0,0,0
router_48,send_bit_count,port0,Accumulator,500000000,0,0,0,0,0,0,0,0,0,0
router_48,send_packet_count,port0,Accumulator,500000000,0,0,0,0,0,0,0,0,0,0
router_48,output_port_stalls,port0,Accumulator,500000000,0,0,0,0,0,0,0,0,0,0
router_48,idle_time,port0,Accumulator,500000000,0,500000000,250000000000000000,1,500000000,500000000,0,0,0,0
router_48,width_adj_count,port0,Accumulator,500000000,0,0,0,0,0,0,0,0,0,0
router_48,send_bit_count,port2,Accumulator,500000000,0,0,0,0,0,0,0,0,0,0
router_48,send_packet_count,port2,Accumulator,500000000,0,0,0,0,0,0,0,0,0,0
router_48,output_port_stalls,port2,Accumulator,500000000,0,0,0,0,0,0,0,0,0,0
router_48,idle_time,port2,Accumulator,500000000,0,500000000,250000000000000000,1,500000000,500000000,0,0,0,0
router_48,width_adj_count,port2,Accumulator,500000000,0,0,0,0,0,0,0,0,0,0
router_48,send_bit_count,port3,Accumulator,500000000,0,0,0,0,0,0,0,0,0,0
router_48,send_packet_count,port3,Accumulator,500000000,0,0,0,0,0,0,0,0,0,0
router_48,output_port_stalls,port3,Accumulator,500000000,0,0,0,0,0,0,0,0,0,0
router_48,idle_time,port3,Accumulator,500000000,0,500000000,250000000000000000,1,500000000,500000000,0,0,0,0
router_48,width_adj_count,port3,Accumulator,500000000,0,0,0,0,0,0,0,0,0,0
router_48,send_bit_count,port4,Accumulator,500000000,0,0,0,0,0,0,0,0,0,0
router_48,send_packet_count,port4,Accumulator,500000000,0,0,0,0,0,0,0,0,0,0
router_48,output_port_stalls,port4,Accumulator,500000000,0,0,0,0,0,0,0,0,0,0
router_48,idle_time,port4,Accumulator,500000000,0,500000000,250000000000000000,1,500000000,500000000,0,0,0,0
router_48,width_adj_count,port4,Accumulator,500000000,0,0,0,0,0,0,0,0,0,0
router_48,xbar_stalls,port0,Accumulator,500000000,0,0,0,0,0,0,0,0,0,0
router_48,xbar_stalls,port1,Accumulator,500000000,0,0,0,0,0,0,0,0,0,0
router_48,xbar_stalls,port2,Accumulator,500000000,0,0,0,0,0,0,0,0,0,0
router_48,xbar_stalls,port3,Accumulator,500000000,0,0,0,0,0,0,0,0,0,0
router_48,xbar_stalls,port4,Accumulator,500000000,0,0,0,0,0,0,0,0,0,0
router_49,send_bit_count,port0,Accumulator,500000000,0,0,0,0,0,0,0,0,0,0
router_49,send_packet_count,port0,Accumulator,500000000,0,0,0,0,0,0,0,0,0,0
router_49,output_port_stalls,port0,Accumulator,500000000,0,0,0,0,0,0,0,0,0,0
router_49,idle_time,port0,Accumulator,500000000,0,500000000,250000000000000000,1,500000000,500000000,0,0,0,0
router_49,width_adj_count,port0,Accumulator,500000000,0,0,0,0,0,0,0,0,0,0
router_49,send_bit_count,port1,Accumulator,500000000,0,0,0,0,0,0,0,0,0,0
router_49,send_packet_count,port1,Accumulator,500000000,0,0,0,0,0,0,0,0,0,0
router_49,output_port_stalls,port1,Accumulator,500000000,0,0,0,0,0,0,0,0,0,0
router_49,idle_time,port1,Accumulator,500000000,0,500000000,250000000000000000,1,500000000,500000000,0,0,0,0
router_49,width_adj_count,port1,Accumulator,500000000,0,0,0,0,0,0,0,0,0,0
router_49,send_bit_count,port2,Accumulator,500000000,0,0,0,0,0,0,0,0,0,0
router_49,send_packet_count,port2,Accumulator,500000000,0,0,0,0,0,0,0,0,0,0
router_49,output_port_stalls,port2,Accumulator,500000000,0,0,0,0,0,0,0,0,0,0
router_49,idle_time,port2,Accumulator,500000000,0,500000000,250000000000000000,1,500000000,500000000,0,0,0,0
router_49,width_adj_count,port2,Accumulator,500000000,0,0,0,0,0,0,0,0,0,0
router_49,send_bit_count,port3,Accumulator,500000000,0,0,0,0,0,0,0,0,0,0
router_49,send_packet_count,port3,Accumulator,500000000,0,0,0,0,0,0,0,0,0,0
router_49,output_port_stalls,port3,Accumulator,500000000,0,0,0,0,0,0,0,0,0,0
router_49,idle_time,port3,Accumulator,500000000,0,500000000,250000000000000000,1,500000000,500000000,0,0,0,0
router_49,width_adj_count,port3,Accumulator,500000000,0,0,0,0,0,0,0,0,0,0
router_49,send_bit_count,port4,Accumulator,500000000,0,0,0,0,0,0,0,0,0,0
router_49,send_packet_count,port4,Accumulator,500000000,0,0,0,0,0,0,0,0,0,0
router_49,output_port_stalls,port4,Accumulator,500000000,0,0,0,0,0,0,0,0,0,0
router_49,idle_time,port4,Accumulator,500000000,0,500000000,250000000000000000,1,500000000,500000000,0,0,0,0
router_49,width_adj_count,port4,Accumulator,500000000,0,0,0,0,0,0,0,0,0,0
router_49,xbar_stalls,port0,Accumulator,500000000,0,0,0,0,0,0,0,0,0,0
router_49,xbar_stalls,port1,Accumulator,500000000,0,0,0,0,0,0,0,0,0,0
router_49,xbar_stalls,port2,Accumulator,500000000,0,0,0,0,0,0,0,0,0,0
router_49,xbar_stalls,port3,Accumulator,500000000,0,0,0,0,0,0,0,0,0,0
router_49,xbar_stalls,port4,Accumulator,500000000,0,0,0,0,0,0,0,0,0,0
router_50,send_bit_count,port0,Accumulator,500000000,0,0,0,0,0,0,0,0,0,0
router_50,send_packet_count,port0,Accumulator,500000000,0,0,0,0,0,0,0,0,0,0
router_50,output_port_stalls,port0,Accumulator,500000000,0,0,0,0,0,0,0,0,0,0
router_50,idle_time,port0,Accumulator,500000000,0,500000000,250000000000000000,1,500000000,500000000,0,0,0,0
router_50,width_adj_count,port0,Accumulator,500000000,0,0,0,0,0,0,0,0,0,0
router_50,send_bit_count,port1,Accumulator,500000000,0,0,0,0,0,0,0,0,0,0
router_50,send_packet_count,port1,Accumulator,500000000,0,0,0,0,0,0,0,0,0,0
router_50,output_port_stalls,port1,Accumulator,500000000,0,0,0,0,0,0,0,0,0,0
router_50,idle_time,port1,Accumulator,500000000,0,500000000,250000000000000000,1,500000000,500000000,0,0,0,0
router_50,width_adj_count,port1,Accumulator,500000000,0,0,0,0,0,0,0,0,0,0
router_50,send_bit_count,port2,Accumulator,500000000,0,0,0,0,0,0,0,0,0,0
router_50,send_packet_count,port2,Accumulator,500000000,0,0,0,0,0,0,0,0,0,0
router_50,output_port_stalls,port2,Accumulator,500000000,0,0,0,0,0,0,0,0,0,0
router_50,idle_time,port2,Accumulator,500000000,0,500000000,250000000000000000,1,500000000,500000000,0,0,0,0
router_50,width_adj_count,port2,Accumulator,500000000,0,0,0,0,0,0,0,0,0,0
router_50,send_bit_count,port3,Accumulator,500000000,0,0,0,0,0,0,0,0,0,0
router_50,send_packet_count,port3,Accumulator,500000000,0,0,0,0,0,0,0,0,0,0
router_50,output_port_stalls,port3,Accumulator,500000000,0,0,0,0,0,0,0,0,0,0
router_50,idle_time,port3,Accumulator,500000000,0,500000000,250000000000000000,1,500000000,500000000,0,0,0,0
router_50,width_adj_count,port3,Accumulator,500000000,0,0,0,0,0,0,0,0,0,0
router_50,send_bit_count,port4,Accumulator,500000000,0,0,0,0,0,0,0,0,0,0
router_50,send_packet_count,port4,Accumulator,500000000,0,0,0,0,0,0,0,0,0,0
router_50,output_port_stalls,port4,Accumulator,500000000,0,0,0,0,0,0,0,0,0,0
router_50,idle_time,port4,Accumulator,500000000,0,500000000,250000000000000000,1,500000000,500000000,0,0,0,0
router_50,width_adj_count,port4,Accumulator,500000000,0,0,0,0,0,0,0,0,0,0
router_50,xbar_stalls,port0,Accumulator,500000000,0,0,0,0,0,0,0,0,0,0
router_50,xbar_stalls,port1,Accumulator,500000000,0,0,0,0,0,0,0,0,0,0
router_50,xbar_stalls,port2,Accumulator,500000000,0,0,0,0,0,0,0,0,0,0
router_50,xbar_stalls,port3,Accumulator,500000000,0,0,0,0,0,0,0,0,0,0
router_50,xbar_stalls,port4,Accumulator,500000000,0,0,0,0,0,0,0,0,0,0
router_51,send_bit_count,port0,Accumulator,500000000,0,0,0,0,0,0,0,0,0,0
router_51,send_packet_count,port0,Accumulator,500000000,0,0,0,0,0,0,0,0,0,0
router_51,output_port_stalls,port0,Accumulator,500000000,0,0,0,0,0,0,0,0,0,0
router_51,idle_time,port0,Accumulator,500000000,0,500000000,250000000000000000,1,500000000,500000000,0,0,0,0
router_51,width_adj_count,port0,Accumulator,500000000,0,0,0,0,0,0,0,0,0,0
router_51,send_bit_count,port1,Accumulator,500000000,0,0,0,0,0,0,0,0,0,0
router_51,send_packet_count,port1,Accumulator,500000000,0,0,0,0,0,0,0,0,0,0
router_51,output_port_stalls,port1,Accumulator,500000000,0,0,0,0,0,0,0,0,0,0
router_51,idle_time,port1,Accumulator,500000000,0,500000000,250000000000000000,1,500000000,500000000,0,0,0,0
router_51,width_adj_count,port1,Accumulator,500000000,0,0,0,0,0,0,0,0,0,0
router_51,send_bit_count,port2,Accumulator,500000000,0,0,0,0,0,0,0,0,0,0
router_51,send_packet_count,port2,Accumulator,500000000,0,0,0,0,0,0,0,0,0,0
router_51,output_port_stalls,port2,Accumulator,500000000,0,0,0,0,0,0,0,0,0,0
router_51,idle_time,port2,Accumulator,500000000,0,500000000,250000000000000000,1,500000000,500000000,0,0,0,0
router_51,width_adj_count,port2,Accumulator,500000000,0,0,0,0,0,0,0,0,0,0
router_51,send_bit_count,port3,Accumulator,500000000,0,0,0,0,0,0,0,0,0,0
router_51,send_packet_count,port3,Accumulator,500000000,0,0,0,0,0,0,0,0,0,0
router_51,output_port_stalls,port3,Accumulator,500000000,0,0,0,0,0,0,0,0,0,0
router_51,idle_time,port3,Accumulator,500000000,0,500000000,250000000000000000,1,500000000,500000000,0,0,0,0
router_51,width_adj_count,port3,Accumulator,500000000,0,0,0,0,0,0,0,0,0,0
router_51,send_bit_count,port4,Accumulator,500000000,0,0,0,0,0,0,0,0,0,0
router_51,send_packet_count,port4,Accumulator,500000000,0,0,0,0,0,0,0,0,0,0
router_51,output_port_stalls,port4,Accumulator,500000000,0,0,0,0,0,0,0,0,0,0
router_51,idle_time,port4,Accumulator,500000000,0,500000000,250000000000000000,1,500000000,500000000,0,0,0,0
router_51,width_adj_count,port4,Accumulator,500000000,0,0,0,0,0,0,0,0,0,0
router_51,xbar_stalls,port0,Accumulator,500000000,0,0,0,0,0,0,0,0,0,0
router_51,xbar_stalls,port1,Accumulator,500000000,0,0,0,0,0,0,0,0,0,0
router_51,xbar_stalls,port2,Accumulator,500000000,0,0,0,0,0,0,0,0,0,0
router_51,xbar_stalls,port3,Accumulator,500000000,0,0,0,0,0,0,0,0,0,0
router_51,xbar_stalls,port4,Accumulator,500000000,0,0,0,0,0,0,0,0,0,0
router_52,send_bit_count,port0,Accumulator,500000000,0,0,0,0,0,0,0,0,0,0
router_52,send_packet_count,port0,Accumulator,500000000,0,0,0,0,0,0,0,0,0,0
router_52,output_port_stalls,port0,Accumulator,500000000,0,0,0,0,0,0,0,0,0,0
router_52,idle_time,port0,Accumulator,500000000,0,500000000,250000000000000000,1,500000000,500000000,0,0,0,0
router_52,width_adj_count,port0,Accumulator,500000000,0,0,0,0,0,0,0,0,0,0
router_52,send_bit_count,port1,Accumulator,500000000,0,0,0,0,0,0,0,0,0,0
router_52,send_packet_count,port1,Accumulator,500000000,0,0,0,0,0,0,0,0,0,0
router_52,output_port_stalls,port1,Accumulator,500000000,0,0,0,0,0,0,0,0,0,0
router_52,idle_time,port1,Accumulator,500000000,0,500000000,250000000000000000,1,500000000,500000000,0,0,0,0
router_52,width_adj_count,port1,Accumulator,500000000,0,0,0,0,0,0,0,0,0,0
router_52,send_bit_count,port2,Accumulator,500000000,0,0,0,0,0,0,0,0,0,0
router_52,send_packet_count,port2,Accumulator,500000000,0,0,0,0,0,0,0,0,0,0
router_52,output_port_stalls,port2,Accumulator,500000000,0,0,0,0,0,0,0,0,0,0
router_52,idle_time,port2,Accumulator,500000000,0,500000000,250000000000000000,1,500000000,500000000,0,0,0,0
router_52,width_adj_count,port2,Accumulator,500000000,0,0,0,0,0,0,0,0,0,0
router_52,send_bit_count,port3,Accumulator,500000000,0,0,0,0,0,0,0,0,0,0
router_52,send_packet_count,port3,Accumulator,500000000,0,0,0,0,0,0,0,0,0,0
router_52,output_port_stalls,port3,Accumulator,500000000,0,0,0,0,0,0,0,0,0,0
router_52,idle_time,port3,Accumulator,500000000,0,500000000,250000000000000000,1,500000000,500000000,0,0,0,0
router_52,width_adj_count,port3,Accumulator,500000000,0,0,0,0,0,0,0,0,0,0
router_52,send_bit_count,port4,Accumulator,500000000,0,0,0,0,0,0,0,0,0,0
router_52,send_packet_count,port4,Accumulator,500000000,0,0,0,0,0,0,0,0,0,0
router_52,output_port_stalls,port4,Accumulator,500000000,0,0,0,0,0,0,0,0,0,0
router_52,idle_time,port4,Accumulator,500000000,0,500000000,250000000000000000,1,500000000,500000000,0,0,0,0
router_52,width_adj_count,port4,Accumulator,500000000,0,0,0,0,0,0,0,0,0,0
router_52,xbar_stalls,port0,Accumulator,500000000,0,0,0,0,0,0,0,0,0,0
router_52,xbar_stalls,port1,Accumulator,500000000,0,0,0,0,0,0,0,0,0,0
router_52,xbar_stalls,port2,Accumulator,500000000,0,0,0,0,0,0,0,0,0,0
router_52,xbar_stalls,port3,Accumulator,500000000,0,0,0,0,0,0,0,0,0,0
router_52,xbar_stalls,port4,Accumulator,500000000,0,0,0,0,0,0,0,0,0,0
router_53,send_bit_count,port0,Accumulator,500000000,0,0,0,0,0,0,0,0,0,0
router_53,send_packet_count,port0,Accumulator,500000000,0,0,0,0,0,0,0,0,0,0
router_53,output_port_stalls,port0,Accumulator,500000000,0,0,0,0,0,0,0,0,0,0
router_53,idle_time,port0,Accumulator,500000000,0,500000000,250000000000000000,1,500000000,500000000,0,0,0,0
router_53,width_adj_count,port0,Accumulator,500000000,0,0,0,0,0,0,0,0,0,0
router_53,send_bit_count,port1,Accumulator,500000000,0,0,0,0,0,0,0,0,0,0
router_53,send_packet_count,port1,Accumulator,500000000,0,0,0,0,0,0,0,0,0,0
router_53,output_port_stalls,port1,Accumulator,500000000,0,0,0,0,0,0,0,0,0,0
router_53,idle_time,port1,Accumulator,500000000,0,500000000,250000000000000000,1,500000000,500000000,0,0,0,0
router_53,width_adj_count,port1,Accumulator,500000000,0,0,0,0,0,0,0,0,0,0
router_53,send_bit_count,port2,Accumulator,500000000,0,0,0,0,0,0,0,0,0,0
router_53,send_packet_count,port2,Accumulator,500000000,0,0,0,0,0,0,0,0,0,0
router_53,output_port_stalls,port2,Accumulator,500000000,0,0,0,0,0,0,0,0,0,0
router_53,idle_time,port2,Accumulator,500000000,0,500000000,250000000000000000,1,500000000,500000000,0,0,0,0
router_53,width_adj_count,port2,Accumulator,500000000,0,0,0,0,0,0,0,0,0,0
router_53,send_bit_count,port3,Accumulator,500000000,0,0,0,0,0,0,0,0,0,0
router_53,send_packet_count,port3,Accumulator,500000000,0,0,0,0,0,0,0,0,0,0
router_53,output_port_stalls,port3,Accumulator,500000000,0,0,0,0,0,0,0,0,0,0
router_53,idle_time,port3,Accumulator,500000000,0,500000000,250000000000000000,1,500000000,500000000,0,0,0,0
router_53,width_adj_count,port3,Accumulator,500000000,0,0,0,0,0,0,0,0,0,0
router_53,send_bit_count,port4,Accumulator,500000000,0,0,0,0,0,0,0,0,0,0
router_53,send_packet_count,port4,Accumulator,500000000,0,0,0,0,0,0,0,0,0,0
router_53,output_port_stalls,port4,Accumulator,500000000,0,0,0,0,0,0,0,0,0,0
router_53,idle_time,port4,Accumulator,500000000,0,500000000,250000000000000000,1,500000000,500000000,0,0,0,0
router_53,width_adj_count,port4,Accumulator,500000000,0,0,0,0,0,0,0,0,0,0
router_53,xbar_stalls,port0,Accumulator,500000000,0,0,0,0,0,0,0,0,0,0
router_53,xbar_stalls,port1,Accumulator,500000000,0,0,0,0,0,0,0,0,0,0
router_53,xbar_stalls,port2,Accumulator,500000000,0,0,0,0,0,0,0,0,0,0
router_53,xbar_stalls,port3,Accumulator,500000000,0,0,0,0,0,0,0,0,0,0
router_53,xbar_stalls,port4,Accumulator,500000000,0,0,0,0,0,0,0,0,0,0
router_54,send_bit_count,port0,Accumulator,500000000,0,0,0,0,0,0,0,0,0,0
router_54,send_packet_count,port0,Accumulator,500000000,0,0,0,0,0,0,0,0,0,0
router_54,output_port_stalls,port0,Accumulator,500000000,0,0,0,0,0,0,0,0,0,0
router_54,idle_time,port0,Accumulator,500000000,0,500000000,250000000000000000,1,500000000,500000000,0,0,0,0
router_54,width_adj_count,port0,Accumulator,500000000,0,0,0,0,0,0,0,0,0,0
router_54,send_bit_count,port1,Accumulator,500000000,0,0,0,0,0,0,0,0,0,0
router_54,send_packet_count,port1,Accumulator,500000000,0,0,0,0,0,0,0,0,0,0
router_54,output_port_stalls,port1,Accumulator,500000000,0,0,0,0,0,0,0,0,0,0
router_54,idle_time,port1,Accumulator,500000000,0,500000000,250000000000000000,1,500000000,500000000,0,0,0,0
router_54,width_adj_count,port1,Accumulator,500000000,0,0,0,0,0,0,0,0,0,0
router_54,send_bit_count,port2,Accumulator,500000000,0,0,0,0,0,0,0,0,0,0
router_54,send_packet_count,port2,Accumulator,500000000,0,0,0,0,0,0,0,0,0,0
router_54,output_port_stalls,port2,Accumulator,500000000,0,0,0,0,0,0,0,0,0,0
router_54,idle_time,port2,Accumulator,500000000,0,500000000,250000000000000000,1,500000000,500000000,0,0,0,0
router_54,width_adj_count,port2,Accumulator,500000000,0,0,0,0,0,0,0,0,0,0
router_54,send_bit_count,port3,Accumulator,500000000,0,0,0,0,0,0,0,0,0,0
router_54,send_packet_count,port3,Accumulator,500000000,0,0,0,0,0,0,0,0,0,0
router_54,output_port_stalls,port3,Accumulator,500000000,0,0,0,0,0,0,0,0,0,0
router_54,idle_time,port3,Accumulator,500000000,0,500000000,250000000000000000,1,500000000,500000000,0,0,0,0
router_54,width_adj_count,port3,Accumulator,500000000,0,0,0,0,0,0,0,0,0,0
router_54,send_bit_count,port4,Accumulator,500000000,0,0,0,0,0,0,0,0,0,0
router_54,send_packet_count,port4,Accumulator,500000000,0,0,0,0,0,0,0,0,0,0
router_54,output_port_stalls,port4,Accumulator,500000000,0,0,0,0,0,0,0,0,0,0
router_54,idle_time,port4,Accumulator,500000000,0,500000000,250000000000000000,1,500000000,500000000,0,0,0,0
router_54,width_adj_count,port4,Accumulator,500000000,0,0,0,0,0,0,0,0,0,0
router_54,xbar_stalls,port0,Accumulator,500000000,0,0,0,0,0,0,0,0,0,0
router_54,xbar_stalls,port1,Accumulator,500000000,0,0,0,0,0,0,0,0,0,0
router_54,xbar_stalls,port2,Accumulator,500000000,0,0,0,0,0,0,0,0,0,0
router_54,xbar_stalls,port3,Accumulator,500000000,0,0,0,0,0,0,0,0,0,0
router_54,xbar_stalls,port4,Accumulator,500000000,0,0,0,0,0,0,0,0,0,0
router_55,send_bit_count,port1,Accumulator,500000000,0,0,0,0,0,0,0,0,0,0
router_55,send_packet_count,port1,Accumulator,500000000,0,0,0,0,0,0,0,0,0,0
router_55,output_port_stalls,port1,Accumulator,500000000,0,0,0,0,0,0,0,0,0,0
router_55,idle_time,port1,Accumulator,500000000,0,500000000,250000000000000000,1,500000000,500000000,0,0,0,0
router_55,width_adj_count,port1,Accumulator,500000000,0,0,0,0,0,0,0,0,0,0
router_55,send_bit_count,port2,Accumulator,500000000,0,0,0,0,0,0,0,0,0,0
router_55,send_packet_count,port2,Accumulator,500000000,0,0,0,0,0,0,0,0,0,0
router_55,output_port_stalls,port2,Accumulator,500000000,0,0,0,0,0,0,0,0,0,0
router_55,idle_time,port2,Accumulator,500000000,0,500000000,250000000000000000,1,500000000,500000000,0,0,0,0
router_55,width_adj_count,port2,Accumulator,500000000,0,0,0,0,0,0,0,0,0,0
router_55,send_bit_count,port3,Accumulator,500000000,0,0,0,0,0,0,0,0,0,0
router_55,send_packet_count,port3,Accumulator,500000000,0,0,0,0,0,0,0,0,0,0
router_55,output_port_stalls,port3,Accumulator,500000000,0,0,0,0,0,0,0,0,0,0
router_55,idle_time,port3,Accumulator,500000000,0,500000000,250000000000000000,1,500000000,500000000,0,0,0,0
router_55,width_adj_count,port3,Accumulator,500000000,0,0,0,0,0,0,0,0,0,0
router_55,send_bit_count,port4,Accumulator,500000000,0,0,0,0,0,0,0,0,0,0
router_55,send_packet_count,port4,Accumulator,500000000,0,0,0,0,0,0,0,0,0,0
router_55,output_port_stalls,port4,Accumulator,500000000,0,0,0,0,0,0,0,0,0,0
router_55,idle_time,port4,Accumulator,500000000,0,500000000,250000000000000000,1,500000000,500000000,0,0,0,0
router_55,width_adj_count,port4,Accumulator,500000000,0,0,0,0,0,0,0,0,0,0
router_55,xbar_stalls,port0,Accumulator,500000000,0,0,0,0,0,0,0,0,0,0
router_55,xbar_stalls,port1,Accumulator,500000000,0,0,0,0,0,0,0,0,0,0
router_55,xbar_stalls,port2,Accumulator,500000000,0,0,0,0,0,0,0,0,0,0
router_55,xbar_stalls,port3,Accumulator,500000000,0,0,0,0,0,0,0,0,0,0
router_55,xbar_stalls,port4,Accumulator,500000000,0,0,0,0,0,0,0,0,0,0
router_56,send_bit_count,port0,Accumulator,500000000,0,0,0,0,0,0,0,0,0,0
router_56,send_packet_count,port0,Accumulator,500000000,0,0,0,0,0,0,0,0,0,0
router_56,output_port_stalls,port0,Accumulator,500000000,0,0,0,0,0,0,0,0,0,0
router_56,idle_time,port0,Accumulator,500000000,0,500000000,250000000000000000,1,500000000,500000000,0,0,0,0
router_56,width_adj_count,port0,Accumulator,500000000,0,0,0,0,0,0,0,0,0,0
router_56,send_bit_count,port3,Accumulator,500000000,0,0,0,0,0,0,0,0,0,0
router_56,send_packet_count,port3,Accumulator,500000000,0,0,0,0,0,0,0,0,0,0
router_56,output_port_stalls,port3,Accumulator,500000000,0,0,0,0,0,0,0,0,0,0
router_56,idle_time,port3,Accumulator,500000000,0,500000000,250000000000000000,1,500000000,500000000,0,0,0,0
router_56,width_adj_count,port3,Accumulator,500000000,0,0,0,0,0,0,0,0,0,0
router_56,send_bit_count,port4,Accumulator,500000000,0,0,0,0,0,0,0,0,0,0
router_56,send_packet_count,port4,Accumulator,500000000,0,0,0,0,0,0,0,0,0,0
router_56,output_port_stalls,port4,Accumulator,500000000,0,0,0,0,0,0,0,0,0,0
router_56,idle_time,port4,Accumulator,500000000,0,500000000,250000000000000000,1,500000000,500000000,0,0,0,0
router_56,width_adj_count,port4,Accumulator,500000000,0,0,0,0,0,0,0,0,0,0
router_56,xbar_stalls,port0,Accumulator,500000000,0,0,0,0,0,0,0,0,0,0
router_56,xbar_stalls,port1,Accumulator,500000000,0,0,0,0,0,0,0,0,0,0
router_56,xbar_stalls,port2,Accumulator,500000000,0,0,0,0,0,0,0,0,0,0
router_56,xbar_stalls,port3,Accumulator,500000000,0,0,0,0,0,0,0,0,0,0
router_56,xbar_stalls,port4,Accumulator,500000000,0,0,0,0,0,0,0,0,0,0
router_57,send_bit_count,port0,Accumulator,500000000,0,0,0,0,0,0,0,0,0,0
router_57,send_packet_count,port0,Accumulator,500000000,0,0,0,0,0,0,0,0,0,0
router_57,output_port_stalls,port0,Accumulator,500000000,0,0,0,0,0,0,0,0,0,0
router_57,idle_time,port0,Accumulator,500000000,0,500000000,250000000000000000,1,500000000,500000000,0,0,0,0
router_57,width_adj_count,port0,Accumulator,500000000,0,0,0,0,0,0,0,0,0,0
router_57,send_bit_count,port1,Accumulator,500000000,0,0,0,0,0,0,0,0,0,0
router_57,send_packet_count,port1,Accumulator,500000000,0,0,0,0,0,0,0,0,0,0
router_57,output_port_stalls,port1,Accumulator,500000000,0,0,0,0,0,0,0,0,0,0
router_57,idle_time,port1,Accumulator,500000000,0,500000000,250000000000000000,1,500000000,500000000,0,0,0,0
router_57,width_adj_count,port1,Accumulator,500000000,0,0,0,0,0,0,0,0,0,0
router_57,send_bit_count,port3,Accumulator,500000000,0,0,0,0,0,0,0,0,0,0
router_57,send_packet_count,port3,Accumulator,500000000,0,0,0,0,0,0,0,0,0,0
router_57,output_port_stalls,port3,Accumulator,500000000,0,0,0,0,0,0,0,0,0,0
router_57,idle_time,port3,Accumulator,500000000,0,500000000,250000000000000000,1,500000000,500000000,0,0,0,0
router_57,width_adj_count,port3,Accumulator,500000000,0,0,0,0,0,0,0,0,0,0
router_57,send_bit_count,port4,Accumulator,500000000,0,0,0,0,0,0,0,0,0,0
router_57,send_packet_count,port4,Accumulator,500000000,0,0,0,0,0,0,0,0,0,0
router_57,output_port_stalls,port4,Accumulator,500000000,0,0,0,0,0,0,0,0,0,0
router_57,idle_time,port4,Accumulator,500000000,0,500000000,250000000000000000,1,500000000,500000000,0,0,0,0
router_57,width_adj_count,port4,Accumulator,500000000,0,0,0,0,0,0,0,0,0,0
router_57,xbar_stalls,port0,Accumulator,500000000,0,0,0,0,0,0,0,0,0,0
router_57,xbar_stalls,port1,Accumulator,500000000,0,0,0,0,0,0,0,0,0,0
router_57,xbar_stalls,port2,Accumulator,500000000,0,0,0,0,0,0,0,0,0,0
router_57,xbar_stalls,port3,Accumulator,500000000,0,0,0,0,0,0,0,0,0,0
router_57,xbar_stalls,port4,Accumulator,500000000,0,0,0,0,0,0,0,0,0,0
router_58,send_bit_count,port0,Accumulator,500000000,0,0,0,0,0,0,0,0,0,0
router_58,send_packet_count,port0,Accumulator,500000000,0,0,0,0,0,0,0,0,0,0
router_58,output_port_stalls,port0,Accumulator,500000000,0,0,0,0,0,0,0,0,0,0
router_58,idle_time,port0,Accumulator,500000000,0,500000000,250000000000000000,1,500000000,500000000,0,0,0,0
router_58,width_adj_count,port0,Accumulator,500000000,0,0,0,0,0,0,0,0,0,0
router_58,send_bit_count,port1,Accumulator,500000000,0,0,0,0,0,0,0,0,0,0
router_58,send_packet_count,port1,Accumulator,500000000,0,0,0,0,0,0,0,0,0,0
router_58,output_port_stalls,port1,Accumulator,500000000,0,0,0,0,0,0,0,0,0,0
router_58,idle_time,port1,Accumulator,500000000,0,500000000,250000000000000000,1,500000000,500000000,0,0,0,0
router_58,width_adj_count,port1,Accumulator,500000000,0,0,0,0,0,0,0,0,0,0
router_58,send_bit_count,port3,Accumulator,500000000,0,0,0,0,0,0,0,0,0,0
router_58,send_packet_count,port3,Accumulator,500000000,0,0,0,0,0,0,0,0,0,0
router_58,output_port_stalls,port3,Accumulator,500000000,0,0,0,0,0,0,0,0,0,0
router_58,idle_time,port3,Accumulator,500000000,0,500000000,250000000000000000,1,500000000,500000000,0,0,0,0
router_58,width_adj_count,port3,Accumulator,500000000,0,0,0,0,0,0,0,0,0,0
router_58,send_bit_count,port4,Accumulator,500000000,0,0,0,0,0,0,0,0,0,0
router_58,send_packet_count,port4,Accumulator,500000000,0,0,0,0,0,0,0,0,0,0
router_58,output_port_stalls,port4,Accumulator,500000000,0,0,0,0,0,0,0,0,0,0
router_58,idle_time,port4,Accumulator,500000000,0,500000000,250000000000000000,1,500000000,500000000,0,0,0,0
router_58,width_adj_count,port4,Accumulator,500000000,0,0,0,0,0,0,0,0,0,0
router_58,xbar_stalls,port0,Accumulator,500000000,0,0,0,0,0,0,0,0,0,0
router_58,xbar_stalls,port1,Accumulator,500000000,0,0,0,0,0,0,0,0,0,0
router_58,xbar_stalls,port2,Accumulator,500000000,0,0,0,0,0,0,0,0,0,0
router_58,xbar_stalls,port3,Accumulator,500000000,0,0,0,0,0,0,0,0,0,0
router_58,xbar_stalls,port4,Accumulator,500000000,0,0,0,0,0,0,0,0,0,0
router_59,send_bit_count,port0,Accumulator,500000000,0,0,0,0,0,0,0,0,0,0
router_59,send_packet_count,port0,Accumulator,500000000,0,0,0,0,0,0,0,0,0,0
router_59,output_port_stalls,port0,Accumulator,500000000,0,0,0,0,0,0,0,0,0,0
router_59,idle_time,port0,Accumulator,500000000,0,500000000,250000000000000000,1,500000000,500000000,0,0,0,0
router_59,width_adj_count,port0,Accumulator,500000000,0,0,0,0,0,0,0,0,0,0
router_59,send_bit_count,port1,Accumulator,500000000,0,0,0,0,0,0,0,0,0,0
router_59,send_packet_count,port1,Accumulator,500000000,0,0,0,0,0,0,0,0,0,0
router_59,output_port_stalls,port1,Accumulator,500000000,0,0,0,0,0,0,0,0,0,0
router_59,idle_time,port1,Accumulator,500000000,0,500000000,250000000000000000,1,500000000,500000000,0,0,0,0
router_59,width_adj_count,port1,Accumulator,500000000,0,0,0,0,0,0,0,0,0,0
router_59,send_bit_count,port3,Accumulator,500000000,0,0,0,0,0,0,0,0,0,0
router_59,send_packet_count,port3,Accumulator,500000000,0,0,0,0,0,0,0,0,0,0
router_59,output_port_stalls,port3,Accumulator,500000000,0,0,0,0,0,0,0,0,0,0
router_59,idle_time,port3,Accumulator,500000000,0,500000000,250000000000000000,1,500000000,500000000,0,0,0,0
router_59,width_adj_count,port3,Accumulator,500000000,0,0,0,0,0,0,0,0,0,0
router_59,send_bit_count,port4,Accumulator,500000000,0,0,0,0,0,0,0,0,0,0
router_59,send_packet_count,port4,Accumulator,500000000,0,0,0,0,0,0,0,0,0,0
router_59,output_port_stalls,port4,Accumulator,500000000,0,0,0,0,0,0,0,0,0,0
router_59,idle_time,port4,Accumulator,500000000,0,500000000,250000000000000000,1,500000000,500000000,0,0,0,0
router_59,width_adj_count,port4,Accumulator,500000000,0,0,0,0,0,0,0,0,0,0
router_59,xbar_stalls,port0,Accumulator,500000000,0,0,0,0,0,0,0,0,0,0
router_59,xbar_stalls,port1,Accumulator,500000000,0,0,0,0,0,0,0,0,0,0
router_59,xbar_stalls,port2,Accumulator,500000000,0,0,0,0,0,0,0,0,0,0
router_59,xbar_stalls,port3,Accumulator,500000000,0,0,0,0,0,0,0,0,0,0
router_59,xbar_stalls,port4,Accumulator,500000000,0,0,0,0,0,0,0,0,0,0
router_60,send_bit_count,port0,Accumulator,500000000,0,0,0,0,0,0,0,0,0,0
router_60,send_packet_count,port0,Accumulator,500000000,0,0,0,0,0,0,0,0,0,0
router_60,output_port_stalls,port0,Accumulator,500000000,0,0,0,0,0,0,0,0,0,0
router_60,idle_time,port0,Accumulator,500000000,0,500000000,250000000000000000,1,500000000,500000000,0,0,0,0
router_60,width_adj_count,port0,Accumulator,500000000,0,0,0,0,0,0,0,0,0,0
router_60,send_bit_count,port1,Accumulator,500000000,0,0,0,0,0,0,0,0,0,0
router_60,send_packet_count,port1,Accumulator,500000000,0,0,0,0,0,0,0,0,0,0
router_60,output_port_stalls,port1,Accumulator,500000000,0,0,0,0,0,0,0,0,0,0
router_60,idle_time,port1,Accumulator,500000000,0,500000000,250000000000000000,1,500000000,500000000,0,0,0,0
router_60,width_adj_count,port1,Accumulator,500000000,0,0,0,0,0,0,0,0,0,0
router_60,send_bit_count,port3,Accumulator,500000000,0,0,0,0,0,0,0,0,0,0
router_60,send_packet_count,port3,Accumulator,500000000,0,0,0,0,0,0,0,0,0,0
router_60,output_port_stalls,port3,Accumulator,500000000,0,0,0,0,0,0,0,0,0,0
router_60,idle_time,port3,Accumulator,500000000,0,500000000,250000000000000000,1,500000000,500000000,0,0,0,0
router_60,width_adj_count,port3,Accumulator,500000000,0,0,0,0,0,0,0,0,0,0
router_60,send_bit_count,port4,Accumulator,500000000,0,0,0,0,0,0,0,0,0,0
router_60,send_packet_count,port4,Accumulator,500000000,0,0,0,0,0,0,0,0,0,0
router_60,output_port_stalls,port4,Accumulator,500000000,0,0,0,0,0,0,0,0,0,0
router_60,idle_time,port4,Accumulator,500000000,0,500000000,250000000000000000,1,500000000,500000000,0,0,0,0
router_60,width_adj_count,port4,Accumulator,500000000,0,0,0,0,0,0,0,0,0,0
router_60,xbar_stalls,port0,Accumulator,500000000,0,0,0,0,0,0,0,0,0,0
router_60,xbar_stalls,port1,Accumulator,500000000,0,0,0,0,0,0,0,0,0,0
router_60,xbar_stalls,port2,Accumulator,500000000,0,0,0,0,0,0,0,0,0,0
router_60,xbar_stalls,port3,Accumulator,500000000,0,0,0,0,0,0,0,0,0,0
router_60,xbar_stalls,port4,Accumulator,500000000,0,0,0,0,0,0,0,0,0,0
router_61,send_bit_count,port0,Accumulator,500000000,0,0,0,0,0,0,0,0,0,0
router_61,send_packet_count,port0,Accumulator,500000000,0,0,0,0,0,0,0,0,0,0
router_61,output_port_stalls,port0,Accumulator,500000000,0,0,0,0,0,0,0,0,0,0
router_61,idle_time,port0,Accumulator,500000000,0,500000000,250000000000000000,1,500000000,500000000,0,0,0,0
router_61,width_adj_count,port0,Accumulator,500000000,0,0,0,0,0,0,0,0,0,0
router_61,send_bit_count,port1,Accumulator,500000000,0,0,0,0,0,0,0,0,0,0
router_61,send_packet_count,port1,Accumulator,500000000,0,0,0,0,0,0,0,0,0,0
router_61,output_port_stalls,port1,Accumulator,500000000,0,0,0,0,0,0,0,0,0,0
router_61,idle_time,port1,Accumulator,500000000,0,500000000,250000000000000000,1,500000000,500000000,0,0,0,0
router_61,width_adj_count,port1,Accumulator,500000000,0,0,0,0,0,0,0,0,0,0
router_61,send_bit_count,port3,Accumulator,500000000,0,0,0,0,0,0,0,0,0,0
router_61,send_packet_count,port3,Accumulator,500000000,0,0,0,0,0,0,0,0,0,0
router_61,output_port_stalls,port3,Accumulator,500000000,0,0,0,0,0,0,0,0,0,0
router_61,idle_time,port3,Accumulator,500000000,0,500000000,250000000000000000,1,500000000,500000000,0,0,0,0
router_61,width_adj_count,port3,Accumulator,500000000,0,0,0,0,0,0,0,0,0,0
router_61,send_bit_count,port4,Accumulator,500000000,0,0,0,0,0,0,0,0,0,0
router_61,send_packet_count,port4,Accumulator,500000000,0,0,0,0,0,0,0,0,0,0
router_61,output_port_stalls,port4,Accumulator,500000000,0,0,0,0,0,0,0,0,0,0
router_61,idle_time,port4,Accumulator,500000000,0,500000000,250000000000000000,1,500000000,500000000,0,0,0,0
router_61,width_adj_count,port4,Accumulator,500000000,0,0,0,0,0,0,0,0,0,0
router_61,xbar_stalls,port0,Accumulator,500000000,0,0,0,0,0,0,0,0,0,0
router_61,xbar_stalls,port1,Accumulator,500000000,0,0,0,0,0,0,0,0,0,0
router_61,xbar_stalls,port2,Accumulator,500000000,0,0,0,0,0,0,0,0,0,0
router_61,xbar_stalls,port3,Accumulator,500000000,0,0,0,0,0,0,0,0,0,0
router_61,xbar_stalls,port4,Accumulator,500000000,0,0,0,0,0,0,0,0,0,0
router_62,send_bit_count,port0,Accumulator,500000000,0,0,0,0,0,0,0,0,0,0
router_62,send_packet_count,port0,Accumulator,500000000,0,0,0,0,0,0,0,0,0,0
router_62,output_port_stalls,port0,Accumulator,500000000,0,0,0,0,0,0,0,0,0,0
router_62,idle_time,port0,Accumulator,500000000,0,500000000,250000000000000000,1,500000000,500000000,0,0,0,0
router_62,width_adj_count,port0,Accumulator,500000000,0,0,0,0,0,0,0,0,0,0
router_62,send_bit_count,port1,Accumulator,500000000,0,0,0,0,0,0,0,0,0,0
router_62,send_packet_count,port1,Accumulator,500000000,0,0,0,0,0,0,0,0,0,0
router_62,output_port_stalls,port1,Accumulator,500000000,0,0,0,0,0,0,0,0,0,0
router_62,idle_time,port1,Accumulator,500000000,0,500000000,250000000000000000,1,500000000,500000000,0,0,0,0
router_62,width_adj_count,port1,Accumulator,500000000,0,0,0,0,0,0,0,0,0,0
router_62,send_bit_count,port3,Accumulator,500000000,0,0,0,0,0,0,0,0,0,0
router_62,send_packet_count,port3,Accumulator,500000000,0,0,0,0,0,0,0,0,0,0
router_62,output_port_stalls,port3,Accumulator,500000000,0,0,0,0,0,0,0,0,0,0
router_62,idle_time,port3,Accumulator,500000000,0,500000000,250000000000000000,1,500000000,500000000,0,0,0,0
router_62,width_adj_count,port3,Accumulator,500000000,0,0,0,0,0,0,0,0,0,0
router_62,send_bit_count,port4,Accumulator,500000000,0,0,0,0,0,0,0,0,0,0
router_62,send_packet_count,port4,Accumulator,500000000,0,0,0,0,0,0,0,0,0,0
router_62,output_port_stalls,port4,Accumulator,500000000,0,0,0,0,0,0,0,0,0,0
router_62,idle_time,port4,Accumulator,500000000,0,500000000,250000000000000000,1,500000000,500000000,0,0,0,0
router_62,width_adj_count,port4,Accumulator,500000000,0,0,0,0,0,0,0,0,0,0
router_62,xbar_stalls,port0,Accumulator,500000000,0,0,0,0,0,0,0,0,0,0
router_62,xbar_stalls,port1,Accumulator,500000000,0,0,0,0,0,0,0,0,0,0
router_62,xbar_stalls,port2,Accumulator,500000000,0,0,0,0,0,0,0,0,0,0
router_62,xbar_stalls,port3,Accumulator,500000000,0,0,0,0,0,0,0,0,0,0
router_62,xbar_stalls,port4,Accumulator,500000000,0,0,0,0,0,0,0,0,0,0
router_63,send_bit_count,port1,Accumulator,500000000,0,0,0,0,0,0,0,0,0,0
router_63,send_packet_count,port1,Accumulator,500000000,0,0,0,0,0,0,0,0,0,0
router_63,output_port_stalls,port1,Accumulator,500000000,0,0,0,0,0,0,0,0,0,0
router_63,idle_time,port1,Accumulator,500000000,0,500000000,250000000000000000,1,500000000,500000000,0,0,0,0
router_63,width_adj_count,port1,Accumulator,500000000,0,0,0,0,0,0,0,0,0,0
router_63,send_bit_count,port3,Accumulator,500000000,0,0,0,0,0,0,0,0,0,0
router_63,send_packet_count,port3,Accumulator,500000000,0,0,0,0,0,0,0,0,0,0
router_63,output_port_stalls,port3,Accumulator,500000000,0,0,0,0,0,0,0,0,0,0
router_63,idle_time,port3,Accumulator,500000000,0,500000000,250000000000000000,1,500000000,500000000,0,0,0,0
router_63,width_adj_count,port3,Accumulator,500000000,0,0,0,0,0,0,0,0,0,0
router_63,send_bit_count,port4,Accumulator,500000000,0,0,0,0,0,0,0,0,0,0
router_63,send_packet_count,port4,Accumulator,500000000,0,0,0,0,0,0,0,0,0,0
router_63,output_port_stalls,port4,Accumulator,500000000,0,0,0,0,0,0,0,0,0,0
router_63,idle_time,port4,Accumulator,500000000,0,500000000,250000000000000000,1,500000000,500000000,0,0,0,0
router_63,width_adj_count,port4,Accumulator,500000000,0,0,0,0,0,0,0,0,0,0
router_63,xbar_stalls,port0,Accumulator,500000000,0,0,0,0,0,0,0,0,0,0
router_63,xbar_stalls,port1,Accumulator,500000000,0,0,0,0,0,0,0,0,0,0
router_63,xbar_stalls,port2,Accumulator,500000000,0,0,0,0,0,0,0,0,0,0
router_63,xbar_stalls,port3,Accumulator,500000000,0,0,0,0,0,0,0,0,0,0
router_63,xbar_stalls,port4,Accumulator,500000000,0,0,0,0,0,0,0,0,0,0
multicore_pe_0,total_spikes_processed,,Accumulator,500000000,0,1,1,1,1,1,0,0,0,0
multicore_pe_0,inter_core_messages,,Accumulator,500000000,0,2,2,2,1,1,0,0,0,0
multicore_pe_0,l2_cache_hits,,Accumulator,500000000,0,0,0,0,0,0,0,0,0,0
multicore_pe_0,l2_cache_misses,,Accumulator,500000000,0,0,0,0,0,0,0,0,0,0
multicore_pe_0,memory_requests,,Accumulator,500000000,0,0,0,0,0,0,0,0,0,0
multicore_pe_0,avg_core_utilization,,Accumulator,500000000,0,0,0,500,0,0,0.001127,0.000000,0.000000,0.000042
multicore_pe_0,total_neurons_fired,,Accumulator,500000000,0,0,0,500,0,0,0,0,0,0
multicore_pe_0,external_spikes_sent,,Accumulator,500000000,0,0,0,0,0,0,0,0,0,0
multicore_pe_0,external_spikes_received,,Accumulator,500000000,0,0,0,0,0,0,0,0,0,0
multicore_pe_1,total_spikes_processed,,Accumulator,500000000,0,0,0,0,0,0,0,0,0,0
multicore_pe_1,inter_core_messages,,Accumulator,500000000,0,0,0,0,0,0,0,0,0,0
multicore_pe_1,l2_cache_hits,,Accumulator,500000000,0,0,0,0,0,0,0,0,0,0
multicore_pe_1,l2_cache_misses,,Accumulator,500000000,0,0,0,0,0,0,0,0,0,0
multicore_pe_1,memory_requests,,Accumulator,500000000,0,0,0,0,0,0,0,0,0,0
multicore_pe_1,avg_core_utilization,,Accumulator,500000000,0,0,0,500,0,0,0.000000,0.000000,0.000000,0.000000
multicore_pe_1,total_neurons_fired,,Accumulator,500000000,0,0,0,500,0,0,0,0,0,0
multicore_pe_1,external_spikes_sent,,Accumulator,500000000,0,0,0,0,0,0,0,0,0,0
multicore_pe_1,external_spikes_received,,Accumulator,500000000,0,0,0,0,0,0,0,0,0,0
multicore_pe_2,total_spikes_processed,,Accumulator,500000000,0,0,0,0,0,0,0,0,0,0
multicore_pe_2,inter_core_messages,,Accumulator,500000000,0,0,0,0,0,0,0,0,0,0
multicore_pe_2,l2_cache_hits,,Accumulator,500000000,0,0,0,0,0,0,0,0,0,0
multicore_pe_2,l2_cache_misses,,Accumulator,500000000,0,0,0,0,0,0,0,0,0,0
multicore_pe_2,memory_requests,,Accumulator,500000000,0,0,0,0,0,0,0,0,0,0
multicore_pe_2,avg_core_utilization,,Accumulator,500000000,0,0,0,500,0,0,0.000000,0.000000,0.000000,0.000000
multicore_pe_2,total_neurons_fired,,Accumulator,500000000,0,0,0,500,0,0,0,0,0,0
multicore_pe_2,external_spikes_sent,,Accumulator,500000000,0,0,0,0,0,0,0,0,0,0
multicore_pe_2,external_spikes_received,,Accumulator,500000000,0,0,0,0,0,0,0,0,0,0
multicore_pe_3,total_spikes_processed,,Accumulator,500000000,0,0,0,0,0,0,0,0,0,0
multicore_pe_3,inter_core_messages,,Accumulator,500000000,0,0,0,0,0,0,0,0,0,0
multicore_pe_3,l2_cache_hits,,Accumulator,500000000,0,0,0,0,0,0,0,0,0,0
multicore_pe_3,l2_cache_misses,,Accumulator,500000000,0,0,0,0,0,0,0,0,0,0
multicore_pe_3,memory_requests,,Accumulator,500000000,0,0,0,0,0,0,0,0,0,0
multicore_pe_3,avg_core_utilization,,Accumulator,500000000,0,0,0,500,0,0,0.000000,0.000000,0.000000,0.000000
multicore_pe_3,total_neurons_fired,,Accumulator,500000000,0,0,0,500,0,0,0,0,0,0
multicore_pe_3,external_spikes_sent,,Accumulator,500000000,0,0,0,0,0,0,0,0,0,0
multicore_pe_3,external_spikes_received,,Accumulator,500000000,0,0,0,0,0,0,0,0,0,0
multicore_pe_4,total_spikes_processed,,Accumulator,500000000,0,0,0,0,0,0,0,0,0,0
multicore_pe_4,inter_core_messages,,Accumulator,500000000,0,0,0,0,0,0,0,0,0,0
multicore_pe_4,l2_cache_hits,,Accumulator,500000000,0,0,0,0,0,0,0,0,0,0
multicore_pe_4,l2_cache_misses,,Accumulator,500000000,0,0,0,0,0,0,0,0,0,0
multicore_pe_4,memory_requests,,Accumulator,500000000,0,0,0,0,0,0,0,0,0,0
multicore_pe_4,avg_core_utilization,,Accumulator,500000000,0,0,0,500,0,0,0.000000,0.000000,0.000000,0.000000
multicore_pe_4,total_neurons_fired,,Accumulator,500000000,0,0,0,500,0,0,0,0,0,0
multicore_pe_4,external_spikes_sent,,Accumulator,500000000,0,0,0,0,0,0,0,0,0,0
multicore_pe_4,external_spikes_received,,Accumulator,500000000,0,0,0,0,0,0,0,0,0,0
multicore_pe_5,total_spikes_processed,,Accumulator,500000000,0,0,0,0,0,0,0,0,0,0
multicore_pe_5,inter_core_messages,,Accumulator,500000000,0,0,0,0,0,0,0,0,0,0
multicore_pe_5,l2_cache_hits,,Accumulator,500000000,0,0,0,0,0,0,0,0,0,0
multicore_pe_5,l2_cache_misses,,Accumulator,500000000,0,0,0,0,0,0,0,0,0,0
multicore_pe_5,memory_requests,,Accumulator,500000000,0,0,0,0,0,0,0,0,0,0
multicore_pe_5,avg_core_utilization,,Accumulator,500000000,0,0,0,500,0,0,0.000000,0.000000,0.000000,0.000000
multicore_pe_5,total_neurons_fired,,Accumulator,500000000,0,0,0,500,0,0,0,0,0,0
multicore_pe_5,external_spikes_sent,,Accumulator,500000000,0,0,0,0,0,0,0,0,0,0
multicore_pe_5,external_spikes_received,,Accumulator,500000000,0,0,0,0,0,0,0,0,0,0
multicore_pe_6,total_spikes_processed,,Accumulator,500000000,0,0,0,0,0,0,0,0,0,0
multicore_pe_6,inter_core_messages,,Accumulator,500000000,0,0,0,0,0,0,0,0,0,0
multicore_pe_6,l2_cache_hits,,Accumulator,500000000,0,0,0,0,0,0,0,0,0,0
multicore_pe_6,l2_cache_misses,,Accumulator,500000000,0,0,0,0,0,0,0,0,0,0
multicore_pe_6,memory_requests,,Accumulator,500000000,0,0,0,0,0,0,0,0,0,0
multicore_pe_6,avg_core_utilization,,Accumulator,500000000,0,0,0,500,0,0,0.000000,0.000000,0.000000,0.000000
multicore_pe_6,total_neurons_fired,,Accumulator,500000000,0,0,0,500,0,0,0,0,0,0
multicore_pe_6,external_spikes_sent,,Accumulator,500000000,0,0,0,0,0,0,0,0,0,0
multicore_pe_6,external_spikes_received,,Accumulator,500000000,0,0,0,0,0,0,0,0,0,0
multicore_pe_7,total_spikes_processed,,Accumulator,500000000,0,0,0,0,0,0,0,0,0,0
multicore_pe_7,inter_core_messages,,Accumulator,500000000,0,0,0,0,0,0,0,0,0,0
multicore_pe_7,l2_cache_hits,,Accumulator,500000000,0,0,0,0,0,0,0,0,0,0
multicore_pe_7,l2_cache_misses,,Accumulator,500000000,0,0,0,0,0,0,0,0,0,0
multicore_pe_7,memory_requests,,Accumulator,500000000,0,0,0,0,0,0,0,0,0,0
multicore_pe_7,avg_core_utilization,,Accumulator,500000000,0,0,0,500,0,0,0.000000,0.000000,0.000000,0.000000
multicore_pe_7,total_neurons_fired,,Accumulator,500000000,0,0,0,500,0,0,0,0,0,0
multicore_pe_7,external_spikes_sent,,Accumulator,500000000,0,0,0,0,0,0,0,0,0,0
multicore_pe_7,external_spikes_received,,Accumulator,500000000,0,0,0,0,0,0,0,0,0,0
multicore_pe_8,total_spikes_processed,,Accumulator,500000000,0,0,0,0,0,0,0,0,0,0
multicore_pe_8,inter_core_messages,,Accumulator,500000000,0,0,0,0,0,0,0,0,0,0
multicore_pe_8,l2_cache_hits,,Accumulator,500000000,0,0,0,0,0,0,0,0,0,0
multicore_pe_8,l2_cache_misses,,Accumulator,500000000,0,0,0,0,0,0,0,0,0,0
multicore_pe_8,memory_requests,,Accumulator,500000000,0,0,0,0,0,0,0,0,0,0
multicore_pe_8,avg_core_utilization,,Accumulator,500000000,0,0,0,500,0,0,0.000000,0.000000,0.000000,0.000000
multicore_pe_8,total_neurons_fired,,Accumulator,500000000,0,0,0,500,0,0,0,0,0,0
multicore_pe_8,external_spikes_sent,,Accumulator,500000000,0,0,0,0,0,0,0,0,0,0
multicore_pe_8,external_spikes_received,,Accumulator,500000000,0,0,0,0,0,0,0,0,0,0
multicore_pe_9,total_spikes_processed,,Accumulator,500000000,0,0,0,0,0,0,0,0,0,0
multicore_pe_9,inter_core_messages,,Accumulator,500000000,0,0,0,0,0,0,0,0,0,0
multicore_pe_9,l2_cache_hits,,Accumulator,500000000,0,0,0,0,0,0,0,0,0,0
multicore_pe_9,l2_cache_misses,,Accumulator,500000000,0,0,0,0,0,0,0,0,0,0
multicore_pe_9,memory_requests,,Accumulator,500000000,0,0,0,0,0,0,0,0,0,0
multicore_pe_9,avg_core_utilization,,Accumulator,500000000,0,0,0,500,0,0,0.000000,0.000000,0.000000,0.000000
multicore_pe_9,total_neurons_fired,,Accumulator,500000000,0,0,0,500,0,0,0,0,0,0
multicore_pe_9,external_spikes_sent,,Accumulator,500000000,0,0,0,0,0,0,0,0,0,0
multicore_pe_9,external_spikes_received,,Accumulator,500000000,0,0,0,0,0,0,0,0,0,0
multicore_pe_10,total_spikes_processed,,Accumulator,500000000,0,0,0,0,0,0,0,0,0,0
multicore_pe_10,inter_core_messages,,Accumulator,500000000,0,0,0,0,0,0,0,0,0,0
multicore_pe_10,l2_cache_hits,,Accumulator,500000000,0,0,0,0,0,0,0,0,0,0
multicore_pe_10,l2_cache_misses,,Accumulator,500000000,0,0,0,0,0,0,0,0,0,0
multicore_pe_10,memory_requests,,Accumulator,500000000,0,0,0,0,0,0,0,0,0,0
multicore_pe_10,avg_core_utilization,,Accumulator,500000000,0,0,0,500,0,0,0.000000,0.000000,0.000000,0.000000
multicore_pe_10,total_neurons_fired,,Accumulator,500000000,0,0,0,500,0,0,0,0,0,0
multicore_pe_10,external_spikes_sent,,Accumulator,500000000,0,0,0,0,0,0,0,0,0,0
multicore_pe_10,external_spikes_received,,Accumulator,500000000,0,0,0,0,0,0,0,0,0,0
multicore_pe_11,total_spikes_processed,,Accumulator,500000000,0,0,0,0,0,0,0,0,0,0
multicore_pe_11,inter_core_messages,,Accumulator,500000000,0,0,0,0,0,0,0,0,0,0
multicore_pe_11,l2_cache_hits,,Accumulator,500000000,0,0,0,0,0,0,0,0,0,0
multicore_pe_11,l2_cache_misses,,Accumulator,500000000,0,0,0,0,0,0,0,0,0,0
multicore_pe_11,memory_requests,,Accumulator,500000000,0,0,0,0,0,0,0,0,0,0
multicore_pe_11,avg_core_utilization,,Accumulator,500000000,0,0,0,500,0,0,0.000000,0.000000,0.000000,0.000000
multicore_pe_11,total_neurons_fired,,Accumulator,500000000,0,0,0,500,0,0,0,0,0,0
multicore_pe_11,external_spikes_sent,,Accumulator,500000000,0,0,0,0,0,0,0,0,0,0
multicore_pe_11,external_spikes_received,,Accumulator,500000000,0,0,0,0,0,0,0,0,0,0
multicore_pe_12,total_spikes_processed,,Accumulator,500000000,0,0,0,0,0,0,0,0,0,0
multicore_pe_12,inter_core_messages,,Accumulator,500000000,0,0,0,0,0,0,0,0,0,0
multicore_pe_12,l2_cache_hits,,Accumulator,500000000,0,0,0,0,0,0,0,0,0,0
multicore_pe_12,l2_cache_misses,,Accumulator,500000000,0,0,0,0,0,0,0,0,0,0
multicore_pe_12,memory_requests,,Accumulator,500000000,0,0,0,0,0,0,0,0,0,0
multicore_pe_12,avg_core_utilization,,Accumulator,500000000,0,0,0,500,0,0,0.000000,0.000000,0.000000,0.000000
multicore_pe_12,total_neurons_fired,,Accumulator,500000000,0,0,0,500,0,0,0,0,0,0
multicore_pe_12,external_spikes_sent,,Accumulator,500000000,0,0,0,0,0,0,0,0,0,0
multicore_pe_12,external_spikes_received,,Accumulator,500000000,0,0,0,0,0,0,0,0,0,0
multicore_pe_13,total_spikes_processed,,Accumulator,500000000,0,0,0,0,0,0,0,0,0,0
multicore_pe_13,inter_core_messages,,Accumulator,500000000,0,0,0,0,0,0,0,0,0,0
multicore_pe_13,l2_cache_hits,,Accumulator,500000000,0,0,0,0,0,0,0,0,0,0
multicore_pe_13,l2_cache_misses,,Accumulator,500000000,0,0,0,0,0,0,0,0,0,0
multicore_pe_13,memory_requests,,Accumulator,500000000,0,0,0,0,0,0,0,0,0,0
multicore_pe_13,avg_core_utilization,,Accumulator,500000000,0,0,0,500,0,0,0.000000,0.000000,0.000000,0.000000
multicore_pe_13,total_neurons_fired,,Accumulator,500000000,0,0,0,500,0,0,0,0,0,0
multicore_pe_13,external_spikes_sent,,Accumulator,500000000,0,0,0,0,0,0,0,0,0,0
multicore_pe_13,external_spikes_received,,Accumulator,500000000,0,0,0,0,0,0,0,0,0,0
multicore_pe_14,total_spikes_processed,,Accumulator,500000000,0,0,0,0,0,0,0,0,0,0
multicore_pe_14,inter_core_messages,,Accumulator,500000000,0,0,0,0,0,0,0,0,0,0
multicore_pe_14,l2_cache_hits,,Accumulator,500000000,0,0,0,0,0,0,0,0,0,0
multicore_pe_14,l2_cache_misses,,Accumulator,500000000,0,0,0,0,0,0,0,0,0,0
multicore_pe_14,memory_requests,,Accumulator,500000000,0,0,0,0,0,0,0,0,0,0
multicore_pe_14,avg_core_utilization,,Accumulator,500000000,0,0,0,500,0,0,0.000000,0.000000,0.000000,0.000000
multicore_pe_14,total_neurons_fired,,Accumulator,500000000,0,0,0,500,0,0,0,0,0,0
multicore_pe_14,external_spikes_sent,,Accumulator,500000000,0,0,0,0,0,0,0,0,0,0
multicore_pe_14,external_spikes_received,,Accumulator,500000000,0,0,0,0,0,0,0,0,0,0
multicore_pe_15,total_spikes_processed,,Accumulator,500000000,0,0,0,0,0,0,0,0,0,0
multicore_pe_15,inter_core_messages,,Accumulator,500000000,0,0,0,0,0,0,0,0,0,0
multicore_pe_15,l2_cache_hits,,Accumulator,500000000,0,0,0,0,0,0,0,0,0,0
multicore_pe_15,l2_cache_misses,,Accumulator,500000000,0,0,0,0,0,0,0,0,0,0
multicore_pe_15,memory_requests,,Accumulator,500000000,0,0,0,0,0,0,0,0,0,0
multicore_pe_15,avg_core_utilization,,Accumulator,500000000,0,0,0,500,0,0,0.000000,0.000000,0.000000,0.000000
multicore_pe_15,total_neurons_fired,,Accumulator,500000000,0,0,0,500,0,0,0,0,0,0
multicore_pe_15,external_spikes_sent,,Accumulator,500000000,0,0,0,0,0,0,0,0,0,0
multicore_pe_15,external_spikes_received,,Accumulator,500000000,0,0,0,0,0,0,0,0,0,0
multicore_pe_16,total_spikes_processed,,Accumulator,500000000,0,0,0,0,0,0,0,0,0,0
multicore_pe_16,inter_core_messages,,Accumulator,500000000,0,0,0,0,0,0,0,0,0,0
multicore_pe_16,l2_cache_hits,,Accumulator,500000000,0,0,0,0,0,0,0,0,0,0
multicore_pe_16,l2_cache_misses,,Accumulator,500000000,0,0,0,0,0,0,0,0,0,0
multicore_pe_16,memory_requests,,Accumulator,500000000,0,0,0,0,0,0,0,0,0,0
multicore_pe_16,avg_core_utilization,,Accumulator,500000000,0,0,0,500,0,0,0.000000,0.000000,0.000000,0.000000
multicore_pe_16,total_neurons_fired,,Accumulator,500000000,0,0,0,500,0,0,0,0,0,0
multicore_pe_16,external_spikes_sent,,Accumulator,500000000,0,0,0,0,0,0,0,0,0,0
multicore_pe_16,external_spikes_received,,Accumulator,500000000,0,0,0,0,0,0,0,0,0,0
multicore_pe_17,total_spikes_processed,,Accumulator,500000000,0,0,0,0,0,0,0,0,0,0
multicore_pe_17,inter_core_messages,,Accumulator,500000000,0,0,0,0,0,0,0,0,0,0
multicore_pe_17,l2_cache_hits,,Accumulator,500000000,0,0,0,0,0,0,0,0,0,0
multicore_pe_17,l2_cache_misses,,Accumulator,500000000,0,0,0,0,0,0,0,0,0,0
multicore_pe_17,memory_requests,,Accumulator,500000000,0,0,0,0,0,0,0,0,0,0
multicore_pe_17,avg_core_utilization,,Accumulator,500000000,0,0,0,500,0,0,0.000000,0.000000,0.000000,0.000000
multicore_pe_17,total_neurons_fired,,Accumulator,500000000,0,0,0,500,0,0,0,0,0,0
multicore_pe_17,external_spikes_sent,,Accumulator,500000000,0,0,0,0,0,0,0,0,0,0
multicore_pe_17,external_spikes_received,,Accumulator,500000000,0,0,0,0,0,0,0,0,0,0
multicore_pe_18,total_spikes_processed,,Accumulator,500000000,0,0,0,0,0,0,0,0,0,0
multicore_pe_18,inter_core_messages,,Accumulator,500000000,0,0,0,0,0,0,0,0,0,0
multicore_pe_18,l2_cache_hits,,Accumulator,500000000,0,0,0,0,0,0,0,0,0,0
multicore_pe_18,l2_cache_misses,,Accumulator,500000000,0,0,0,0,0,0,0,0,0,0
multicore_pe_18,memory_requests,,Accumulator,500000000,0,0,0,0,0,0,0,0,0,0
multicore_pe_18,avg_core_utilization,,Accumulator,500000000,0,0,0,500,0,0,0.000000,0.000000,0.000000,0.000000
multicore_pe_18,total_neurons_fired,,Accumulator,500000000,0,0,0,500,0,0,0,0,0,0
multicore_pe_18,external_spikes_sent,,Accumulator,500000000,0,0,0,0,0,0,0,0,0,0
multicore_pe_18,external_spikes_received,,Accumulator,500000000,0,0,0,0,0,0,0,0,0,0
multicore_pe_19,total_spikes_processed,,Accumulator,500000000,0,0,0,0,0,0,0,0,0,0
multicore_pe_19,inter_core_messages,,Accumulator,500000000,0,0,0,0,0,0,0,0,0,0
multicore_pe_19,l2_cache_hits,,Accumulator,500000000,0,0,0,0,0,0,0,0,0,0
multicore_pe_19,l2_cache_misses,,Accumulator,500000000,0,0,0,0,0,0,0,0,0,0
multicore_pe_19,memory_requests,,Accumulator,500000000,0,0,0,0,0,0,0,0,0,0
multicore_pe_19,avg_core_utilization,,Accumulator,500000000,0,0,0,500,0,0,0.000000,0.000000,0.000000,0.000000
multicore_pe_19,total_neurons_fired,,Accumulator,500000000,0,0,0,500,0,0,0,0,0,0
multicore_pe_19,external_spikes_sent,,Accumulator,500000000,0,0,0,0,0,0,0,0,0,0
multicore_pe_19,external_spikes_received,,Accumulator,500000000,0,0,0,0,0,0,0,0,0,0
multicore_pe_20,total_spikes_processed,,Accumulator,500000000,0,0,0,0,0,0,0,0,0,0
multicore_pe_20,inter_core_messages,,Accumulator,500000000,0,0,0,0,0,0,0,0,0,0
multicore_pe_20,l2_cache_hits,,Accumulator,500000000,0,0,0,0,0,0,0,0,0,0
multicore_pe_20,l2_cache_misses,,Accumulator,500000000,0,0,0,0,0,0,0,0,0,0
multicore_pe_20,memory_requests,,Accumulator,500000000,0,0,0,0,0,0,0,0,0,0
multicore_pe_20,avg_core_utilization,,Accumulator,500000000,0,0,0,500,0,0,0.000000,0.000000,0.000000,0.000000
multicore_pe_20,total_neurons_fired,,Accumulator,500000000,0,0,0,500,0,0,0,0,0,0
multicore_pe_20,external_spikes_sent,,Accumulator,500000000,0,0,0,0,0,0,0,0,0,0
multicore_pe_20,external_spikes_received,,Accumulator,500000000,0,0,0,0,0,0,0,0,0,0
multicore_pe_21,total_spikes_processed,,Accumulator,500000000,0,0,0,0,0,0,0,0,0,0
multicore_pe_21,inter_core_messages,,Accumulator,500000000,0,0,0,0,0,0,0,0,0,0
multicore_pe_21,l2_cache_hits,,Accumulator,500000000,0,0,0,0,0,0,0,0,0,0
multicore_pe_21,l2_cache_misses,,Accumulator,500000000,0,0,0,0,0,0,0,0,0,0
multicore_pe_21,memory_requests,,Accumulator,500000000,0,0,0,0,0,0,0,0,0,0
multicore_pe_21,avg_core_utilization,,Accumulator,500000000,0,0,0,500,0,0,0.000000,0.000000,0.000000,0.000000
multicore_pe_21,total_neurons_fired,,Accumulator,500000000,0,0,0,500,0,0,0,0,0,0
multicore_pe_21,external_spikes_sent,,Accumulator,500000000,0,0,0,0,0,0,0,0,0,0
multicore_pe_21,external_spikes_received,,Accumulator,500000000,0,0,0,0,0,0,0,0,0,0
multicore_pe_22,total_spikes_processed,,Accumulator,500000000,0,0,0,0,0,0,0,0,0,0
multicore_pe_22,inter_core_messages,,Accumulator,500000000,0,0,0,0,0,0,0,0,0,0
multicore_pe_22,l2_cache_hits,,Accumulator,500000000,0,0,0,0,0,0,0,0,0,0
multicore_pe_22,l2_cache_misses,,Accumulator,500000000,0,0,0,0,0,0,0,0,0,0
multicore_pe_22,memory_requests,,Accumulator,500000000,0,0,0,0,0,0,0,0,0,0
multicore_pe_22,avg_core_utilization,,Accumulator,500000000,0,0,0,500,0,0,0.000000,0.000000,0.000000,0.000000
multicore_pe_22,total_neurons_fired,,Accumulator,500000000,0,0,0,500,0,0,0,0,0,0
multicore_pe_22,external_spikes_sent,,Accumulator,500000000,0,0,0,0,0,0,0,0,0,0
multicore_pe_22,external_spikes_received,,Accumulator,500000000,0,0,0,0,0,0,0,0,0,0
multicore_pe_23,total_spikes_processed,,Accumulator,500000000,0,0,0,0,0,0,0,0,0,0
multicore_pe_23,inter_core_messages,,Accumulator,500000000,0,0,0,0,0,0,0,0,0,0
multicore_pe_23,l2_cache_hits,,Accumulator,500000000,0,0,0,0,0,0,0,0,0,0
multicore_pe_23,l2_cache_misses,,Accumulator,500000000,0,0,0,0,0,0,0,0,0,0
multicore_pe_23,memory_requests,,Accumulator,500000000,0,0,0,0,0,0,0,0,0,0
multicore_pe_23,avg_core_utilization,,Accumulator,500000000,0,0,0,500,0,0,0.000000,0.000000,0.000000,0.000000
multicore_pe_23,total_neurons_fired,,Accumulator,500000000,0,0,0,500,0,0,0,0,0,0
multicore_pe_23,external_spikes_sent,,Accumulator,500000000,0,0,0,0,0,0,0,0,0,0
multicore_pe_23,external_spikes_received,,Accumulator,500000000,0,0,0,0,0,0,0,0,0,0
multicore_pe_24,total_spikes_processed,,Accumulator,500000000,0,0,0,0,0,0,0,0,0,0
multicore_pe_24,inter_core_messages,,Accumulator,500000000,0,0,0,0,0,0,0,0,0,0
multicore_pe_24,l2_cache_hits,,Accumulator,500000000,0,0,0,0,0,0,0,0,0,0
multicore_pe_24,l2_cache_misses,,Accumulator,500000000,0,0,0,0,0,0,0,0,0,0
multicore_pe_24,memory_requests,,Accumulator,500000000,0,0,0,0,0,0,0,0,0,0
multicore_pe_24,avg_core_utilization,,Accumulator,500000000,0,0,0,500,0,0,0.000000,0.000000,0.000000,0.000000
multicore_pe_24,total_neurons_fired,,Accumulator,500000000,0,0,0,500,0,0,0,0,0,0
multicore_pe_24,external_spikes_sent,,Accumulator,500000000,0,0,0,0,0,0,0,0,0,0
multicore_pe_24,external_spikes_received,,Accumulator,500000000,0,0,0,0,0,0,0,0,0,0
multicore_pe_25,total_spikes_processed,,Accumulator,500000000,0,0,0,0,0,0,0,0,0,0
multicore_pe_25,inter_core_messages,,Accumulator,500000000,0,0,0,0,0,0,0,0,0,0
multicore_pe_25,l2_cache_hits,,Accumulator,500000000,0,0,0,0,0,0,0,0,0,0
multicore_pe_25,l2_cache_misses,,Accumulator,500000000,0,0,0,0,0,0,0,0,0,0
multicore_pe_25,memory_requests,,Accumulator,500000000,0,0,0,0,0,0,0,0,0,0
multicore_pe_25,avg_core_utilization,,Accumulator,500000000,0,0,0,500,0,0,0.000000,0.000000,0.000000,0.000000
multicore_pe_25,total_neurons_fired,,Accumulator,500000000,0,0,0,500,0,0,0,0,0,0
multicore_pe_25,external_spikes_sent,,Accumulator,500000000,0,0,0,0,0,0,0,0,0,0
multicore_pe_25,external_spikes_received,,Accumulator,500000000,0,0,0,0,0,0,0,0,0,0
multicore_pe_26,total_spikes_processed,,Accumulator,500000000,0,0,0,0,0,0,0,0,0,0
multicore_pe_26,inter_core_messages,,Accumulator,500000000,0,0,0,0,0,0,0,0,0,0
multicore_pe_26,l2_cache_hits,,Accumulator,500000000,0,0,0,0,0,0,0,0,0,0
multicore_pe_26,l2_cache_misses,,Accumulator,500000000,0,0,0,0,0,0,0,0,0,0
multicore_pe_26,memory_requests,,Accumulator,500000000,0,0,0,0,0,0,0,0,0,0
multicore_pe_26,avg_core_utilization,,Accumulator,500000000,0,0,0,500,0,0,0.000000,0.000000,0.000000,0.000000
multicore_pe_26,total_neurons_fired,,Accumulator,500000000,0,0,0,500,0,0,0,0,0,0
multicore_pe_26,external_spikes_sent,,Accumulator,500000000,0,0,0,0,0,0,0,0,0,0
multicore_pe_26,external_spikes_received,,Accumulator,500000000,0,0,0,0,0,0,0,0,0,0
multicore_pe_27,total_spikes_processed,,Accumulator,500000000,0,0,0,0,0,0,0,0,0,0
multicore_pe_27,inter_core_messages,,Accumulator,500000000,0,0,0,0,0,0,0,0,0,0
multicore_pe_27,l2_cache_hits,,Accumulator,500000000,0,0,0,0,0,0,0,0,0,0
multicore_pe_27,l2_cache_misses,,Accumulator,500000000,0,0,0,0,0,0,0,0,0,0
multicore_pe_27,memory_requests,,Accumulator,500000000,0,0,0,0,0,0,0,0,0,0
multicore_pe_27,avg_core_utilization,,Accumulator,500000000,0,0,0,500,0,0,0.000000,0.000000,0.000000,0.000000
multicore_pe_27,total_neurons_fired,,Accumulator,500000000,0,0,0,500,0,0,0,0,0,0
multicore_pe_27,external_spikes_sent,,Accumulator,500000000,0,0,0,0,0,0,0,0,0,0
multicore_pe_27,external_spikes_received,,Accumulator,500000000,0,0,0,0,0,0,0,0,0,0
multicore_pe_28,total_spikes_processed,,Accumulator,500000000,0,0,0,0,0,0,0,0,0,0
multicore_pe_28,inter_core_messages,,Accumulator,500000000,0,0,0,0,0,0,0,0,0,0
multicore_pe_28,l2_cache_hits,,Accumulator,500000000,0,0,0,0,0,0,0,0,0,0
multicore_pe_28,l2_cache_misses,,Accumulator,500000000,0,0,0,0,0,0,0,0,0,0
multicore_pe_28,memory_requests,,Accumulator,500000000,0,0,0,0,0,0,0,0,0,0
multicore_pe_28,avg_core_utilization,,Accumulator,500000000,0,0,0,500,0,0,0.000000,0.000000,0.000000,0.000000
multicore_pe_28,total_neurons_fired,,Accumulator,500000000,0,0,0,500,0,0,0,0,0,0
multicore_pe_28,external_spikes_sent,,Accumulator,500000000,0,0,0,0,0,0,0,0,0,0
multicore_pe_28,external_spikes_received,,Accumulator,500000000,0,0,0,0,0,0,0,0,0,0
multicore_pe_29,total_spikes_processed,,Accumulator,500000000,0,0,0,0,0,0,0,0,0,0
multicore_pe_29,inter_core_messages,,Accumulator,500000000,0,0,0,0,0,0,0,0,0,0
multicore_pe_29,l2_cache_hits,,Accumulator,500000000,0,0,0,0,0,0,0,0,0,0
multicore_pe_29,l2_cache_misses,,Accumulator,500000000,0,0,0,0,0,0,0,0,0,0
multicore_pe_29,memory_requests,,Accumulator,500000000,0,0,0,0,0,0,0,0,0,0
multicore_pe_29,avg_core_utilization,,Accumulator,500000000,0,0,0,500,0,0,0.000000,0.000000,0.000000,0.000000
multicore_pe_29,total_neurons_fired,,Accumulator,500000000,0,0,0,500,0,0,0,0,0,0
multicore_pe_29,external_spikes_sent,,Accumulator,500000000,0,0,0,0,0,0,0,0,0,0
multicore_pe_29,external_spikes_received,,Accumulator,500000000,0,0,0,0,0,0,0,0,0,0
multicore_pe_30,total_spikes_processed,,Accumulator,500000000,0,0,0,0,0,0,0,0,0,0
multicore_pe_30,inter_core_messages,,Accumulator,500000000,0,0,0,0,0,0,0,0,0,0
multicore_pe_30,l2_cache_hits,,Accumulator,500000000,0,0,0,0,0,0,0,0,0,0
multicore_pe_30,l2_cache_misses,,Accumulator,500000000,0,0,0,0,0,0,0,0,0,0
multicore_pe_30,memory_requests,,Accumulator,500000000,0,0,0,0,0,0,0,0,0,0
multicore_pe_30,avg_core_utilization,,Accumulator,500000000,0,0,0,500,0,0,0.000000,0.000000,0.000000,0.000000
multicore_pe_30,total_neurons_fired,,Accumulator,500000000,0,0,0,500,0,0,0,0,0,0
multicore_pe_30,external_spikes_sent,,Accumulator,500000000,0,0,0,0,0,0,0,0,0,0
multicore_pe_30,external_spikes_received,,Accumulator,500000000,0,0,0,0,0,0,0,0,0,0
multicore_pe_31,total_spikes_processed,,Accumulator,500000000,0,0,0,0,0,0,0,0,0,0
multicore_pe_31,inter_core_messages,,Accumulator,500000000,0,0,0,0,0,0,0,0,0,0
multicore_pe_31,l2_cache_hits,,Accumulator,500000000,0,0,0,0,0,0,0,0,0,0
multicore_pe_31,l2_cache_misses,,Accumulator,500000000,0,0,0,0,0,0,0,0,0,0
multicore_pe_31,memory_requests,,Accumulator,500000000,0,0,0,0,0,0,0,0,0,0
multicore_pe_31,avg_core_utilization,,Accumulator,500000000,0,0,0,500,0,0,0.000000,0.000000,0.000000,0.000000
multicore_pe_31,total_neurons_fired,,Accumulator,500000000,0,0,0,500,0,0,0,0,0,0
multicore_pe_31,external_spikes_sent,,Accumulator,500000000,0,0,0,0,0,0,0,0,0,0
multicore_pe_31,external_spikes_received,,Accumulator,500000000,0,0,0,0,0,0,0,0,0,0
multicore_pe_32,total_spikes_processed,,Accumulator,500000000,0,0,0,0,0,0,0,0,0,0
multicore_pe_32,inter_core_messages,,Accumulator,500000000,0,0,0,0,0,0,0,0,0,0
multicore_pe_32,l2_cache_hits,,Accumulator,500000000,0,0,0,0,0,0,0,0,0,0
multicore_pe_32,l2_cache_misses,,Accumulator,500000000,0,0,0,0,0,0,0,0,0,0
multicore_pe_32,memory_requests,,Accumulator,500000000,0,0,0,0,0,0,0,0,0,0
multicore_pe_32,avg_core_utilization,,Accumulator,500000000,0,0,0,500,0,0,0.000000,0.000000,0.000000,0.000000
multicore_pe_32,total_neurons_fired,,Accumulator,500000000,0,0,0,500,0,0,0,0,0,0
multicore_pe_32,external_spikes_sent,,Accumulator,500000000,0,0,0,0,0,0,0,0,0,0
multicore_pe_32,external_spikes_received,,Accumulator,500000000,0,0,0,0,0,0,0,0,0,0
multicore_pe_33,total_spikes_processed,,Accumulator,500000000,0,0,0,0,0,0,0,0,0,0
multicore_pe_33,inter_core_messages,,Accumulator,500000000,0,0,0,0,0,0,0,0,0,0
multicore_pe_33,l2_cache_hits,,Accumulator,500000000,0,0,0,0,0,0,0,0,0,0
multicore_pe_33,l2_cache_misses,,Accumulator,500000000,0,0,0,0,0,0,0,0,0,0
multicore_pe_33,memory_requests,,Accumulator,500000000,0,0,0,0,0,0,0,0,0,0
multicore_pe_33,avg_core_utilization,,Accumulator,500000000,0,0,0,500,0,0,0.000000,0.000000,0.000000,0.000000
multicore_pe_33,total_neurons_fired,,Accumulator,500000000,0,0,0,500,0,0,0,0,0,0
multicore_pe_33,external_spikes_sent,,Accumulator,500000000,0,0,0,0,0,0,0,0,0,0
multicore_pe_33,external_spikes_received,,Accumulator,500000000,0,0,0,0,0,0,0,0,0,0
multicore_pe_34,total_spikes_processed,,Accumulator,500000000,0,0,0,0,0,0,0,0,0,0
multicore_pe_34,inter_core_messages,,Accumulator,500000000,0,0,0,0,0,0,0,0,0,0
multicore_pe_34,l2_cache_hits,,Accumulator,500000000,0,0,0,0,0,0,0,0,0,0
multicore_pe_34,l2_cache_misses,,Accumulator,500000000,0,0,0,0,0,0,0,0,0,0
multicore_pe_34,memory_requests,,Accumulator,500000000,0,0,0,0,0,0,0,0,0,0
multicore_pe_34,avg_core_utilization,,Accumulator,500000000,0,0,0,500,0,0,0.000000,0.000000,0.000000,0.000000
multicore_pe_34,total_neurons_fired,,Accumulator,500000000,0,0,0,500,0,0,0,0,0,0
multicore_pe_34,external_spikes_sent,,Accumulator,500000000,0,0,0,0,0,0,0,0,0,0
multicore_pe_34,external_spikes_received,,Accumulator,500000000,0,0,0,0,0,0,0,0,0,0
multicore_pe_35,total_spikes_processed,,Accumulator,500000000,0,0,0,0,0,0,0,0,0,0
multicore_pe_35,inter_core_messages,,Accumulator,500000000,0,0,0,0,0,0,0,0,0,0
multicore_pe_35,l2_cache_hits,,Accumulator,500000000,0,0,0,0,0,0,0,0,0,0
multicore_pe_35,l2_cache_misses,,Accumulator,500000000,0,0,0,0,0,0,0,0,0,0
multicore_pe_35,memory_requests,,Accumulator,500000000,0,0,0,0,0,0,0,0,0,0
multicore_pe_35,avg_core_utilization,,Accumulator,500000000,0,0,0,500,0,0,0.000000,0.000000,0.000000,0.000000
multicore_pe_35,total_neurons_fired,,Accumulator,500000000,0,0,0,500,0,0,0,0,0,0
multicore_pe_35,external_spikes_sent,,Accumulator,500000000,0,0,0,0,0,0,0,0,0,0
multicore_pe_35,external_spikes_received,,Accumulator,500000000,0,0,0,0,0,0,0,0,0,0
multicore_pe_36,total_spikes_processed,,Accumulator,500000000,0,0,0,0,0,0,0,0,0,0
multicore_pe_36,inter_core_messages,,Accumulator,500000000,0,0,0,0,0,0,0,0,0,0
multicore_pe_36,l2_cache_hits,,Accumulator,500000000,0,0,0,0,0,0,0,0,0,0
multicore_pe_36,l2_cache_misses,,Accumulator,500000000,0,0,0,0,0,0,0,0,0,0
multicore_pe_36,memory_requests,,Accumulator,500000000,0,0,0,0,0,0,0,0,0,0
multicore_pe_36,avg_core_utilization,,Accumulator,500000000,0,0,0,500,0,0,0.000000,0.000000,0.000000,0.000000
multicore_pe_36,total_neurons_fired,,Accumulator,500000000,0,0,0,500,0,0,0,0,0,0
multicore_pe_36,external_spikes_sent,,Accumulator,500000000,0,0,0,0,0,0,0,0,0,0
multicore_pe_36,external_spikes_received,,Accumulator,500000000,0,0,0,0,0,0,0,0,0,0
multicore_pe_37,total_spikes_processed,,Accumulator,500000000,0,0,0,0,0,0,0,0,0,0
multicore_pe_37,inter_core_messages,,Accumulator,500000000,0,0,0,0,0,0,0,0,0,0
multicore_pe_37,l2_cache_hits,,Accumulator,500000000,0,0,0,0,0,0,0,0,0,0
multicore_pe_37,l2_cache_misses,,Accumulator,500000000,0,0,0,0,0,0,0,0,0,0
multicore_pe_37,memory_requests,,Accumulator,500000000,0,0,0,0,0,0,0,0,0,0
multicore_pe_37,avg_core_utilization,,Accumulator,500000000,0,0,0,500,0,0,0.000000,0.000000,0.000000,0.000000
multicore_pe_37,total_neurons_fired,,Accumulator,500000000,0,0,0,500,0,0,0,0,0,0
multicore_pe_37,external_spikes_sent,,Accumulator,500000000,0,0,0,0,0,0,0,0,0,0
multicore_pe_37,external_spikes_received,,Accumulator,500000000,0,0,0,0,0,0,0,0,0,0
multicore_pe_38,total_spikes_processed,,Accumulator,500000000,0,0,0,0,0,0,0,0,0,0
multicore_pe_38,inter_core_messages,,Accumulator,500000000,0,0,0,0,0,0,0,0,0,0
multicore_pe_38,l2_cache_hits,,Accumulator,500000000,0,0,0,0,0,0,0,0,0,0
multicore_pe_38,l2_cache_misses,,Accumulator,500000000,0,0,0,0,0,0,0,0,0,0
multicore_pe_38,memory_requests,,Accumulator,500000000,0,0,0,0,0,0,0,0,0,0
multicore_pe_38,avg_core_utilization,,Accumulator,500000000,0,0,0,500,0,0,0.000000,0.000000,0.000000,0.000000
multicore_pe_38,total_neurons_fired,,Accumulator,500000000,0,0,0,500,0,0,0,0,0,0
multicore_pe_38,external_spikes_sent,,Accumulator,500000000,0,0,0,0,0,0,0,0,0,0
multicore_pe_38,external_spikes_received,,Accumulator,500000000,0,0,0,0,0,0,0,0,0,0
multicore_pe_39,total_spikes_processed,,Accumulator,500000000,0,0,0,0,0,0,0,0,0,0
multicore_pe_39,inter_core_messages,,Accumulator,500000000,0,0,0,0,0,0,0,0,0,0
multicore_pe_39,l2_cache_hits,,Accumulator,500000000,0,0,0,0,0,0,0,0,0,0
multicore_pe_39,l2_cache_misses,,Accumulator,500000000,0,0,0,0,0,0,0,0,0,0
multicore_pe_39,memory_requests,,Accumulator,500000000,0,0,0,0,0,0,0,0,0,0
multicore_pe_39,avg_core_utilization,,Accumulator,500000000,0,0,0,500,0,0,0.000000,0.000000,0.000000,0.000000
multicore_pe_39,total_neurons_fired,,Accumulator,500000000,0,0,0,500,0,0,0,0,0,0
multicore_pe_39,external_spikes_sent,,Accumulator,500000000,0,0,0,0,0,0,0,0,0,0
multicore_pe_39,external_spikes_received,,Accumulator,500000000,0,0,0,0,0,0,0,0,0,0
multicore_pe_40,total_spikes_processed,,Accumulator,500000000,0,0,0,0,0,0,0,0,0,0
multicore_pe_40,inter_core_messages,,Accumulator,500000000,0,0,0,0,0,0,0,0,0,0
multicore_pe_40,l2_cache_hits,,Accumulator,500000000,0,0,0,0,0,0,0,0,0,0
multicore_pe_40,l2_cache_misses,,Accumulator,500000000,0,0,0,0,0,0,0,0,0,0
multicore_pe_40,memory_requests,,Accumulator,500000000,0,0,0,0,0,0,0,0,0,0
multicore_pe_40,avg_core_utilization,,Accumulator,500000000,0,0,0,500,0,0,0.000000,0.000000,0.000000,0.000000
multicore_pe_40,total_neurons_fired,,Accumulator,500000000,0,0,0,500,0,0,0,0,0,0
multicore_pe_40,external_spikes_sent,,Accumulator,500000000,0,0,0,0,0,0,0,0,0,0
multicore_pe_40,external_spikes_received,,Accumulator,500000000,0,0,0,0,0,0,0,0,0,0
multicore_pe_41,total_spikes_processed,,Accumulator,500000000,0,0,0,0,0,0,0,0,0,0
multicore_pe_41,inter_core_messages,,Accumulator,500000000,0,0,0,0,0,0,0,0,0,0
multicore_pe_41,l2_cache_hits,,Accumulator,500000000,0,0,0,0,0,0,0,0,0,0
multicore_pe_41,l2_cache_misses,,Accumulator,500000000,0,0,0,0,0,0,0,0,0,0
multicore_pe_41,memory_requests,,Accumulator,500000000,0,0,0,0,0,0,0,0,0,0
multicore_pe_41,avg_core_utilization,,Accumulator,500000000,0,0,0,500,0,0,0.000000,0.000000,0.000000,0.000000
multicore_pe_41,total_neurons_fired,,Accumulator,500000000,0,0,0,500,0,0,0,0,0,0
multicore_pe_41,external_spikes_sent,,Accumulator,500000000,0,0,0,0,0,0,0,0,0,0
multicore_pe_41,external_spikes_received,,Accumulator,500000000,0,0,0,0,0,0,0,0,0,0
multicore_pe_42,total_spikes_processed,,Accumulator,500000000,0,0,0,0,0,0,0,0,0,0
multicore_pe_42,inter_core_messages,,Accumulator,500000000,0,0,0,0,0,0,0,0,0,0
multicore_pe_42,l2_cache_hits,,Accumulator,500000000,0,0,0,0,0,0,0,0,0,0
multicore_pe_42,l2_cache_misses,,Accumulator,500000000,0,0,0,0,0,0,0,0,0,0
multicore_pe_42,memory_requests,,Accumulator,500000000,0,0,0,0,0,0,0,0,0,0
multicore_pe_42,avg_core_utilization,,Accumulator,500000000,0,0,0,500,0,0,0.000000,0.000000,0.000000,0.000000
multicore_pe_42,total_neurons_fired,,Accumulator,500000000,0,0,0,500,0,0,0,0,0,0
multicore_pe_42,external_spikes_sent,,Accumulator,500000000,0,0,0,0,0,0,0,0,0,0
multicore_pe_42,external_spikes_received,,Accumulator,500000000,0,0,0,0,0,0,0,0,0,0
multicore_pe_43,total_spikes_processed,,Accumulator,500000000,0,0,0,0,0,0,0,0,0,0
multicore_pe_43,inter_core_messages,,Accumulator,500000000,0,0,0,0,0,0,0,0,0,0
multicore_pe_43,l2_cache_hits,,Accumulator,500000000,0,0,0,0,0,0,0,0,0,0
multicore_pe_43,l2_cache_misses,,Accumulator,500000000,0,0,0,0,0,0,0,0,0,0
multicore_pe_43,memory_requests,,Accumulator,500000000,0,0,0,0,0,0,0,0,0,0
multicore_pe_43,avg_core_utilization,,Accumulator,500000000,0,0,0,500,0,0,0.000000,0.000000,0.000000,0.000000
multicore_pe_43,total_neurons_fired,,Accumulator,500000000,0,0,0,500,0,0,0,0,0,0
multicore_pe_43,external_spikes_sent,,Accumulator,500000000,0,0,0,0,0,0,0,0,0,0
multicore_pe_43,external_spikes_received,,Accumulator,500000000,0,0,0,0,0,0,0,0,0,0
multicore_pe_44,total_spikes_processed,,Accumulator,500000000,0,0,0,0,0,0,0,0,0,0
multicore_pe_44,inter_core_messages,,Accumulator,500000000,0,0,0,0,0,0,0,0,0,0
multicore_pe_44,l2_cache_hits,,Accumulator,500000000,0,0,0,0,0,0,0,0,0,0
multicore_pe_44,l2_cache_misses,,Accumulator,500000000,0,0,0,0,0,0,0,0,0,0
multicore_pe_44,memory_requests,,Accumulator,500000000,0,0,0,0,0,0,0,0,0,0
multicore_pe_44,avg_core_utilization,,Accumulator,500000000,0,0,0,500,0,0,0.000000,0.000000,0.000000,0.000000
multicore_pe_44,total_neurons_fired,,Accumulator,500000000,0,0,0,500,0,0,0,0,0,0
multicore_pe_44,external_spikes_sent,,Accumulator,500000000,0,0,0,0,0,0,0,0,0,0
multicore_pe_44,external_spikes_received,,Accumulator,500000000,0,0,0,0,0,0,0,0,0,0
multicore_pe_45,total_spikes_processed,,Accumulator,500000000,0,0,0,0,0,0,0,0,0,0
multicore_pe_45,inter_core_messages,,Accumulator,500000000,0,0,0,0,0,0,0,0,0,0
multicore_pe_45,l2_cache_hits,,Accumulator,500000000,0,0,0,0,0,0,0,0,0,0
multicore_pe_45,l2_cache_misses,,Accumulator,500000000,0,0,0,0,0,0,0,0,0,0
multicore_pe_45,memory_requests,,Accumulator,500000000,0,0,0,0,0,0,0,0,0,0
multicore_pe_45,avg_core_utilization,,Accumulator,500000000,0,0,0,500,0,0,0.000000,0.000000,0.000000,0.000000
multicore_pe_45,total_neurons_fired,,Accumulator,500000000,0,0,0,500,0,0,0,0,0,0
multicore_pe_45,external_spikes_sent,,Accumulator,500000000,0,0,0,0,0,0,0,0,0,0
multicore_pe_45,external_spikes_received,,Accumulator,500000000,0,0,0,0,0,0,0,0,0,0
multicore_pe_46,total_spikes_processed,,Accumulator,500000000,0,0,0,0,0,0,0,0,0,0
multicore_pe_46,inter_core_messages,,Accumulator,500000000,0,0,0,0,0,0,0,0,0,0
multicore_pe_46,l2_cache_hits,,Accumulator,500000000,0,0,0,0,0,0,0,0,0,0
multicore_pe_46,l2_cache_misses,,Accumulator,500000000,0,0,0,0,0,0,0,0,0,0
multicore_pe_46,memory_requests,,Accumulator,500000000,0,0,0,0,0,0,0,0,0,0
multicore_pe_46,avg_core_utilization,,Accumulator,500000000,0,0,0,500,0,0,0.000000,0.000000,0.000000,0.000000
multicore_pe_46,total_neurons_fired,,Accumulator,500000000,0,0,0,500,0,0,0,0,0,0
multicore_pe_46,external_spikes_sent,,Accumulator,500000000,0,0,0,0,0,0,0,0,0,0
multicore_pe_46,external_spikes_received,,Accumulator,500000000,0,0,0,0,0,0,0,0,0,0
multicore_pe_47,total_spikes_processed,,Accumulator,500000000,0,0,0,0,0,0,0,0,0,0
multicore_pe_47,inter_core_messages,,Accumulator,500000000,0,0,0,0,0,0,0,0,0,0
multicore_pe_47,l2_cache_hits,,Accumulator,500000000,0,0,0,0,0,0,0,0,0,0
multicore_pe_47,l2_cache_misses,,Accumulator,500000000,0,0,0,0,0,0,0,0,0,0
multicore_pe_47,memory_requests,,Accumulator,500000000,0,0,0,0,0,0,0,0,0,0
multicore_pe_47,avg_core_utilization,,Accumulator,500000000,0,0,0,500,0,0,0.000000,0.000000,0.000000,0.000000
multicore_pe_47,total_neurons_fired,,Accumulator,500000000,0,0,0,500,0,0,0,0,0,0
multicore_pe_47,external_spikes_sent,,Accumulator,500000000,0,0,0,0,0,0,0,0,0,0
multicore_pe_47,external_spikes_received,,Accumulator,500000000,0,0,0,0,0,0,0,0,0,0
multicore_pe_48,total_spikes_processed,,Accumulator,500000000,0,0,0,0,0,0,0,0,0,0
multicore_pe_48,inter_core_messages,,Accumulator,500000000,0,0,0,0,0,0,0,0,0,0
multicore_pe_48,l2_cache_hits,,Accumulator,500000000,0,0,0,0,0,0,0,0,0,0
multicore_pe_48,l2_cache_misses,,Accumulator,500000000,0,0,0,0,0,0,0,0,0,0
multicore_pe_48,memory_requests,,Accumulator,500000000,0,0,0,0,0,0,0,0,0,0
multicore_pe_48,avg_core_utilization,,Accumulator,500000000,0,0,0,500,0,0,0.000000,0.000000,0.000000,0.000000
multicore_pe_48,total_neurons_fired,,Accumulator,500000000,0,0,0,500,0,0,0,0,0,0
multicore_pe_48,external_spikes_sent,,Accumulator,500000000,0,0,0,0,0,0,0,0,0,0
multicore_pe_48,external_spikes_received,,Accumulator,500000000,0,0,0,0,0,0,0,0,0,0
multicore_pe_49,total_spikes_processed,,Accumulator,500000000,0,0,0,0,0,0,0,0,0,0
multicore_pe_49,inter_core_messages,,Accumulator,500000000,0,0,0,0,0,0,0,0,0,0
multicore_pe_49,l2_cache_hits,,Accumulator,500000000,0,0,0,0,0,0,0,0,0,0
multicore_pe_49,l2_cache_misses,,Accumulator,500000000,0,0,0,0,0,0,0,0,0,0
multicore_pe_49,memory_requests,,Accumulator,500000000,0,0,0,0,0,0,0,0,0,0
multicore_pe_49,avg_core_utilization,,Accumulator,500000000,0,0,0,500,0,0,0.000000,0.000000,0.000000,0.000000
multicore_pe_49,total_neurons_fired,,Accumulator,500000000,0,0,0,500,0,0,0,0,0,0
multicore_pe_49,external_spikes_sent,,Accumulator,500000000,0,0,0,0,0,0,0,0,0,0
multicore_pe_49,external_spikes_received,,Accumulator,500000000,0,0,0,0,0,0,0,0,0,0
multicore_pe_50,total_spikes_processed,,Accumulator,500000000,0,0,0,0,0,0,0,0,0,0
multicore_pe_50,inter_core_messages,,Accumulator,500000000,0,0,0,0,0,0,0,0,0,0
multicore_pe_50,l2_cache_hits,,Accumulator,500000000,0,0,0,0,0,0,0,0,0,0
multicore_pe_50,l2_cache_misses,,Accumulator,500000000,0,0,0,0,0,0,0,0,0,0
multicore_pe_50,memory_requests,,Accumulator,500000000,0,0,0,0,0,0,0,0,0,0
multicore_pe_50,avg_core_utilization,,Accumulator,500000000,0,0,0,500,0,0,0.000000,0.000000,0.000000,0.000000
multicore_pe_50,total_neurons_fired,,Accumulator,500000000,0,0,0,500,0,0,0,0,0,0
multicore_pe_50,external_spikes_sent,,Accumulator,500000000,0,0,0,0,0,0,0,0,0,0
multicore_pe_50,external_spikes_received,,Accumulator,500000000,0,0,0,0,0,0,0,0,0,0
multicore_pe_51,total_spikes_processed,,Accumulator,500000000,0,0,0,0,0,0,0,0,0,0
multicore_pe_51,inter_core_messages,,Accumulator,500000000,0,0,0,0,0,0,0,0,0,0
multicore_pe_51,l2_cache_hits,,Accumulator,500000000,0,0,0,0,0,0,0,0,0,0
multicore_pe_51,l2_cache_misses,,Accumulator,500000000,0,0,0,0,0,0,0,0,0,0
multicore_pe_51,memory_requests,,Accumulator,500000000,0,0,0,0,0,0,0,0,0,0
multicore_pe_51,avg_core_utilization,,Accumulator,500000000,0,0,0,500,0,0,0.000000,0.000000,0.000000,0.000000
multicore_pe_51,total_neurons_fired,,Accumulator,500000000,0,0,0,500,0,0,0,0,0,0
multicore_pe_51,external_spikes_sent,,Accumulator,500000000,0,0,0,0,0,0,0,0,0,0
multicore_pe_51,external_spikes_received,,Accumulator,500000000,0,0,0,0,0,0,0,0,0,0
multicore_pe_52,total_spikes_processed,,Accumulator,500000000,0,0,0,0,0,0,0,0,0,0
multicore_pe_52,inter_core_messages,,Accumulator,500000000,0,0,0,0,0,0,0,0,0,0
multicore_pe_52,l2_cache_hits,,Accumulator,500000000,0,0,0,0,0,0,0,0,0,0
multicore_pe_52,l2_cache_misses,,Accumulator,500000000,0,0,0,0,0,0,0,0,0,0
multicore_pe_52,memory_requests,,Accumulator,500000000,0,0,0,0,0,0,0,0,0,0
multicore_pe_52,avg_core_utilization,,Accumulator,500000000,0,0,0,500,0,0,0.000000,0.000000,0.000000,0.000000
multicore_pe_52,total_neurons_fired,,Accumulator,500000000,0,0,0,500,0,0,0,0,0,0
multicore_pe_52,external_spikes_sent,,Accumulator,500000000,0,0,0,0,0,0,0,0,0,0
multicore_pe_52,external_spikes_received,,Accumulator,500000000,0,0,0,0,0,0,0,0,0,0
multicore_pe_53,total_spikes_processed,,Accumulator,500000000,0,0,0,0,0,0,0,0,0,0
multicore_pe_53,inter_core_messages,,Accumulator,500000000,0,0,0,0,0,0,0,0,0,0
multicore_pe_53,l2_cache_hits,,Accumulator,500000000,0,0,0,0,0,0,0,0,0,0
multicore_pe_53,l2_cache_misses,,Accumulator,500000000,0,0,0,0,0,0,0,0,0,0
multicore_pe_53,memory_requests,,Accumulator,500000000,0,0,0,0,0,0,0,0,0,0
multicore_pe_53,avg_core_utilization,,Accumulator,500000000,0,0,0,500,0,0,0.000000,0.000000,0.000000,0.000000
multicore_pe_53,total_neurons_fired,,Accumulator,500000000,0,0,0,500,0,0,0,0,0,0
multicore_pe_53,external_spikes_sent,,Accumulator,500000000,0,0,0,0,0,0,0,0,0,0
multicore_pe_53,external_spikes_received,,Accumulator,500000000,0,0,0,0,0,0,0,0,0,0
multicore_pe_54,total_spikes_processed,,Accumulator,500000000,0,0,0,0,0,0,0,0,0,0
multicore_pe_54,inter_core_messages,,Accumulator,500000000,0,0,0,0,0,0,0,0,0,0
multicore_pe_54,l2_cache_hits,,Accumulator,500000000,0,0,0,0,0,0,0,0,0,0
multicore_pe_54,l2_cache_misses,,Accumulator,500000000,0,0,0,0,0,0,0,0,0,0
multicore_pe_54,memory_requests,,Accumulator,500000000,0,0,0,0,0,0,0,0,0,0
multicore_pe_54,avg_core_utilization,,Accumulator,500000000,0,0,0,500,0,0,0.000000,0.000000,0.000000,0.000000
multicore_pe_54,total_neurons_fired,,Accumulator,500000000,0,0,0,500,0,0,0,0,0,0
multicore_pe_54,external_spikes_sent,,Accumulator,500000000,0,0,0,0,0,0,0,0,0,0
multicore_pe_54,external_spikes_received,,Accumulator,500000000,0,0,0,0,0,0,0,0,0,0
multicore_pe_55,total_spikes_processed,,Accumulator,500000000,0,0,0,0,0,0,0,0,0,0
multicore_pe_55,inter_core_messages,,Accumulator,500000000,0,0,0,0,0,0,0,0,0,0
multicore_pe_55,l2_cache_hits,,Accumulator,500000000,0,0,0,0,0,0,0,0,0,0
multicore_pe_55,l2_cache_misses,,Accumulator,500000000,0,0,0,0,0,0,0,0,0,0
multicore_pe_55,memory_requests,,Accumulator,500000000,0,0,0,0,0,0,0,0,0,0
multicore_pe_55,avg_core_utilization,,Accumulator,500000000,0,0,0,500,0,0,0.000000,0.000000,0.000000,0.000000
multicore_pe_55,total_neurons_fired,,Accumulator,500000000,0,0,0,500,0,0,0,0,0,0
multicore_pe_55,external_spikes_sent,,Accumulator,500000000,0,0,0,0,0,0,0,0,0,0
multicore_pe_55,external_spikes_received,,Accumulator,500000000,0,0,0,0,0,0,0,0,0,0
multicore_pe_56,total_spikes_processed,,Accumulator,500000000,0,0,0,0,0,0,0,0,0,0
multicore_pe_56,inter_core_messages,,Accumulator,500000000,0,0,0,0,0,0,0,0,0,0
multicore_pe_56,l2_cache_hits,,Accumulator,500000000,0,0,0,0,0,0,0,0,0,0
multicore_pe_56,l2_cache_misses,,Accumulator,500000000,0,0,0,0,0,0,0,0,0,0
multicore_pe_56,memory_requests,,Accumulator,500000000,0,0,0,0,0,0,0,0,0,0
multicore_pe_56,avg_core_utilization,,Accumulator,500000000,0,0,0,500,0,0,0.000000,0.000000,0.000000,0.000000
multicore_pe_56,total_neurons_fired,,Accumulator,500000000,0,0,0,500,0,0,0,0,0,0
multicore_pe_56,external_spikes_sent,,Accumulator,500000000,0,0,0,0,0,0,0,0,0,0
multicore_pe_56,external_spikes_received,,Accumulator,500000000,0,0,0,0,0,0,0,0,0,0
multicore_pe_57,total_spikes_processed,,Accumulator,500000000,0,0,0,0,0,0,0,0,0,0
multicore_pe_57,inter_core_messages,,Accumulator,500000000,0,0,0,0,0,0,0,0,0,0
multicore_pe_57,l2_cache_hits,,Accumulator,500000000,0,0,0,0,0,0,0,0,0,0
multicore_pe_57,l2_cache_misses,,Accumulator,500000000,0,0,0,0,0,0,0,0,0,0
multicore_pe_57,memory_requests,,Accumulator,500000000,0,0,0,0,0,0,0,0,0,0
multicore_pe_57,avg_core_utilization,,Accumulator,500000000,0,0,0,500,0,0,0.000000,0.000000,0.000000,0.000000
multicore_pe_57,total_neurons_fired,,Accumulator,500000000,0,0,0,500,0,0,0,0,0,0
multicore_pe_57,external_spikes_sent,,Accumulator,500000000,0,0,0,0,0,0,0,0,0,0
multicore_pe_57,external_spikes_received,,Accumulator,500000000,0,0,0,0,0,0,0,0,0,0
multicore_pe_58,total_spikes_processed,,Accumulator,500000000,0,0,0,0,0,0,0,0,0,0
multicore_pe_58,inter_core_messages,,Accumulator,500000000,0,0,0,0,0,0,0,0,0,0
multicore_pe_58,l2_cache_hits,,Accumulator,500000000,0,0,0,0,0,0,0,0,0,0
multicore_pe_58,l2_cache_misses,,Accumulator,500000000,0,0,0,0,0,0,0,0,0,0
multicore_pe_58,memory_requests,,Accumulator,500000000,0,0,0,0,0,0,0,0,0,0
multicore_pe_58,avg_core_utilization,,Accumulator,500000000,0,0,0,500,0,0,0.000000,0.000000,0.000000,0.000000
multicore_pe_58,total_neurons_fired,,Accumulator,500000000,0,0,0,500,0,0,0,0,0,0
multicore_pe_58,external_spikes_sent,,Accumulator,500000000,0,0,0,0,0,0,0,0,0,0
multicore_pe_58,external_spikes_received,,Accumulator,500000000,0,0,0,0,0,0,0,0,0,0
multicore_pe_59,total_spikes_processed,,Accumulator,500000000,0,0,0,0,0,0,0,0,0,0
multicore_pe_59,inter_core_messages,,Accumulator,500000000,0,0,0,0,0,0,0,0,0,0
multicore_pe_59,l2_cache_hits,,Accumulator,500000000,0,0,0,0,0,0,0,0,0,0
multicore_pe_59,l2_cache_misses,,Accumulator,500000000,0,0,0,0,0,0,0,0,0,0
multicore_pe_59,memory_requests,,Accumulator,500000000,0,0,0,0,0,0,0,0,0,0
multicore_pe_59,avg_core_utilization,,Accumulator,500000000,0,0,0,500,0,0,0.000000,0.000000,0.000000,0.000000
multicore_pe_59,total_neurons_fired,,Accumulator,500000000,0,0,0,500,0,0,0,0,0,0
multicore_pe_59,external_spikes_sent,,Accumulator,500000000,0,0,0,0,0,0,0,0,0,0
multicore_pe_59,external_spikes_received,,Accumulator,500000000,0,0,0,0,0,0,0,0,0,0
multicore_pe_60,total_spikes_processed,,Accumulator,500000000,0,0,0,0,0,0,0,0,0,0
multicore_pe_60,inter_core_messages,,Accumulator,500000000,0,0,0,0,0,0,0,0,0,0
multicore_pe_60,l2_cache_hits,,Accumulator,500000000,0,0,0,0,0,0,0,0,0,0
multicore_pe_60,l2_cache_misses,,Accumulator,500000000,0,0,0,0,0,0,0,0,0,0
multicore_pe_60,memory_requests,,Accumulator,500000000,0,0,0,0,0,0,0,0,0,0
multicore_pe_60,avg_core_utilization,,Accumulator,500000000,0,0,0,500,0,0,0.000000,0.000000,0.000000,0.000000
multicore_pe_60,total_neurons_fired,,Accumulator,500000000,0,0,0,500,0,0,0,0,0,0
multicore_pe_60,external_spikes_sent,,Accumulator,500000000,0,0,0,0,0,0,0,0,0,0
multicore_pe_60,external_spikes_received,,Accumulator,500000000,0,0,0,0,0,0,0,0,0,0
multicore_pe_61,total_spikes_processed,,Accumulator,500000000,0,0,0,0,0,0,0,0,0,0
multicore_pe_61,inter_core_messages,,Accumulator,500000000,0,0,0,0,0,0,0,0,0,0
multicore_pe_61,l2_cache_hits,,Accumulator,500000000,0,0,0,0,0,0,0,0,0,0
multicore_pe_61,l2_cache_misses,,Accumulator,500000000,0,0,0,0,0,0,0,0,0,0
multicore_pe_61,memory_requests,,Accumulator,500000000,0,0,0,0,0,0,0,0,0,0
multicore_pe_61,avg_core_utilization,,Accumulator,500000000,0,0,0,500,0,0,0.000000,0.000000,0.000000,0.000000
multicore_pe_61,total_neurons_fired,,Accumulator,500000000,0,0,0,500,0,0,0,0,0,0
multicore_pe_61,external_spikes_sent,,Accumulator,500000000,0,0,0,0,0,0,0,0,0,0
multicore_pe_61,external_spikes_received,,Accumulator,500000000,0,0,0,0,0,0,0,0,0,0
multicore_pe_62,total_spikes_processed,,Accumulator,500000000,0,0,0,0,0,0,0,0,0,0
multicore_pe_62,inter_core_messages,,Accumulator,500000000,0,0,0,0,0,0,0,0,0,0
multicore_pe_62,l2_cache_hits,,Accumulator,500000000,0,0,0,0,0,0,0,0,0,0
multicore_pe_62,l2_cache_misses,,Accumulator,500000000,0,0,0,0,0,0,0,0,0,0
multicore_pe_62,memory_requests,,Accumulator,500000000,0,0,0,0,0,0,0,0,0,0
multicore_pe_62,avg_core_utilization,,Accumulator,500000000,0,0,0,500,0,0,0.000000,0.000000,0.000000,0.000000
multicore_pe_62,total_neurons_fired,,Accumulator,500000000,0,0,0,500,0,0,0,0,0,0
multicore_pe_62,external_spikes_sent,,Accumulator,500000000,0,0,0,0,0,0,0,0,0,0
multicore_pe_62,external_spikes_received,,Accumulator,500000000,0,0,0,0,0,0,0,0,0,0
multicore_pe_63,total_spikes_processed,,Accumulator,500000000,0,0,0,0,0,0,0,0,0,0
multicore_pe_63,inter_core_messages,,Accumulator,500000000,0,0,0,0,0,0,0,0,0,0
multicore_pe_63,l2_cache_hits,,Accumulator,500000000,0,0,0,0,0,0,0,0,0,0
multicore_pe_63,l2_cache_misses,,Accumulator,500000000,0,0,0,0,0,0,0,0,0,0
multicore_pe_63,memory_requests,,Accumulator,500000000,0,0,0,0,0,0,0,0,0,0
multicore_pe_63,avg_core_utilization,,Accumulator,500000000,0,0,0,500,0,0,0.000000,0.000000,0.000000,0.000000
multicore_pe_63,total_neurons_fired,,Accumulator,500000000,0,0,0,500,0,0,0,0,0,0
multicore_pe_63,external_spikes_sent,,Accumulator,500000000,0,0,0,0,0,0,0,0,0,0
multicore_pe_63,external_spikes_received,,Accumulator,500000000,0,0,0,0,0,0,0,0,0,0
spike_source_0,events_loaded,,Accumulator,500000000,0,32,1024,1,32,32,0,0,0,0
spike_source_0,events_sent,,Accumulator,500000000,0,0,0,1,0,0,0,0,0,0
spike_source_1,events_loaded,,Accumulator,500000000,0,32,1024,1,32,32,0,0,0,0
spike_source_1,events_sent,,Accumulator,500000000,0,0,0,1,0,0,0,0,0,0
spike_source_2,events_loaded,,Accumulator,500000000,0,32,1024,1,32,32,0,0,0,0
spike_source_2,events_sent,,Accumulator,500000000,0,0,0,1,0,0,0,0,0,0
spike_source_3,events_loaded,,Accumulator,500000000,0,32,1024,1,32,32,0,0,0,0
spike_source_3,events_sent,,Accumulator,500000000,0,0,0,1,0,0,0,0,0,0
spike_source_4,events_loaded,,Accumulator,500000000,0,32,1024,1,32,32,0,0,0,0
spike_source_4,events_sent,,Accumulator,500000000,0,0,0,1,0,0,0,0,0,0
spike_source_5,events_loaded,,Accumulator,500000000,0,32,1024,1,32,32,0,0,0,0
spike_source_5,events_sent,,Accumulator,500000000,0,0,0,1,0,0,0,0,0,0
spike_source_6,events_loaded,,Accumulator,500000000,0,32,1024,1,32,32,0,0,0,0
spike_source_6,events_sent,,Accumulator,500000000,0,0,0,1,0,0,0,0,0,0
spike_source_7,events_loaded,,Accumulator,500000000,0,32,1024,1,32,32,0,0,0,0
spike_source_7,events_sent,,Accumulator,500000000,0,0,0,1,0,0,0,0,0,0
